id,predominant_stress,miner,rust,phoma,cercospora,severity,path
1,0,0,0,0,0,0,data/BRACOL/images/1.jpg
2,0,0,0,0,0,0,data/BRACOL/images/2.jpg
3,0,0,0,0,0,0,data/BRACOL/images/3.jpg
4,0,0,0,0,0,0,data/BRACOL/images/4.jpg
5,0,0,0,0,0,0,data/BRACOL/images/5.jpg
6,0,0,0,0,0,0,data/BRACOL/images/6.jpg
10,0,0,0,0,0,0,data/BRACOL/images/10.jpg
11,0,0,0,0,0,0,data/BRACOL/images/11.jpg
12,0,0,0,0,0,0,data/BRACOL/images/12.jpg
13,0,0,0,0,0,0,data/BRACOL/images/13.jpg
14,0,0,0,0,0,0,data/BRACOL/images/14.jpg
15,0,0,0,0,0,0,data/BRACOL/images/15.jpg
16,0,0,0,0,0,0,data/BRACOL/images/16.jpg
17,0,0,0,0,0,0,data/BRACOL/images/17.jpg
18,0,0,0,0,0,0,data/BRACOL/images/18.jpg
19,0,0,0,0,0,0,data/BRACOL/images/19.jpg
20,3,0,0,1,0,2,data/BRACOL/images/20.jpg
21,1,1,0,0,0,3,data/BRACOL/images/21.jpg
22,1,1,0,0,0,1,data/BRACOL/images/22.jpg
23,1,1,0,0,0,1,data/BRACOL/images/23.jpg
24,1,1,0,0,0,1,data/BRACOL/images/24.jpg
25,1,1,0,0,0,1,data/BRACOL/images/25.jpg
26,1,1,0,0,0,2,data/BRACOL/images/26.jpg
27,1,1,0,0,0,1,data/BRACOL/images/27.jpg
28,1,1,0,0,0,2,data/BRACOL/images/28.jpg
29,1,1,1,0,0,1,data/BRACOL/images/29.jpg
30,1,1,0,0,0,1,data/BRACOL/images/30.jpg
31,1,1,0,0,0,3,data/BRACOL/images/31.jpg
32,1,1,0,0,0,1,data/BRACOL/images/32.jpg
33,1,1,0,0,0,1,data/BRACOL/images/33.jpg
34,1,1,0,0,0,1,data/BRACOL/images/34.jpg
35,1,1,1,0,0,2,data/BRACOL/images/35.jpg
36,1,1,0,0,0,1,data/BRACOL/images/36.jpg
37,1,1,1,0,0,2,data/BRACOL/images/37.jpg
38,1,1,0,0,0,1,data/BRACOL/images/38.jpg
39,1,1,0,0,0,1,data/BRACOL/images/39.jpg
40,1,1,1,0,0,2,data/BRACOL/images/40.jpg
41,1,1,0,0,0,1,data/BRACOL/images/41.jpg
42,1,1,0,0,0,2,data/BRACOL/images/42.jpg
43,1,1,0,0,0,1,data/BRACOL/images/43.jpg
44,1,1,0,0,0,1,data/BRACOL/images/44.jpg
45,1,1,1,0,0,1,data/BRACOL/images/45.jpg
46,1,1,0,0,0,1,data/BRACOL/images/46.jpg
47,1,1,0,0,0,2,data/BRACOL/images/47.jpg
48,1,1,0,0,0,2,data/BRACOL/images/48.jpg
49,1,1,0,0,0,2,data/BRACOL/images/49.jpg
50,1,1,0,0,0,1,data/BRACOL/images/50.jpg
51,1,1,0,0,0,1,data/BRACOL/images/51.jpg
52,1,1,0,0,0,1,data/BRACOL/images/52.jpg
53,1,1,0,0,0,2,data/BRACOL/images/53.jpg
54,1,1,0,0,1,2,data/BRACOL/images/54.jpg
55,4,1,0,0,1,2,data/BRACOL/images/55.jpg
56,1,1,0,0,0,3,data/BRACOL/images/56.jpg
57,1,1,0,0,0,1,data/BRACOL/images/57.jpg
58,1,1,0,0,1,1,data/BRACOL/images/58.jpg
59,1,1,0,0,0,1,data/BRACOL/images/59.jpg
60,1,1,0,0,0,2,data/BRACOL/images/60.jpg
61,1,1,0,0,1,3,data/BRACOL/images/61.jpg
62,4,0,0,0,1,1,data/BRACOL/images/62.jpg
63,1,1,0,0,0,1,data/BRACOL/images/63.jpg
64,1,1,0,0,0,1,data/BRACOL/images/64.jpg
65,1,1,0,0,0,1,data/BRACOL/images/65.jpg
66,1,1,0,0,0,1,data/BRACOL/images/66.jpg
67,1,1,0,0,0,1,data/BRACOL/images/67.jpg
68,1,1,0,0,0,1,data/BRACOL/images/68.jpg
100,2,1,1,0,0,4,data/BRACOL/images/100.jpg
101,2,0,1,0,0,1,data/BRACOL/images/101.jpg
102,2,0,1,0,0,1,data/BRACOL/images/102.jpg
103,2,0,1,0,0,1,data/BRACOL/images/103.jpg
104,2,0,1,0,0,1,data/BRACOL/images/104.jpg
105,2,0,1,0,0,2,data/BRACOL/images/105.jpg
106,2,0,1,0,0,2,data/BRACOL/images/106.jpg
107,2,0,1,0,0,1,data/BRACOL/images/107.jpg
108,2,0,1,0,0,1,data/BRACOL/images/108.jpg
109,2,0,1,0,0,1,data/BRACOL/images/109.jpg
110,2,0,1,0,0,2,data/BRACOL/images/110.jpg
111,2,0,1,0,0,1,data/BRACOL/images/111.jpg
112,2,0,1,0,0,2,data/BRACOL/images/112.jpg
113,2,0,1,0,0,1,data/BRACOL/images/113.jpg
114,2,0,1,0,0,1,data/BRACOL/images/114.jpg
115,2,0,1,0,0,1,data/BRACOL/images/115.jpg
116,2,0,1,0,0,1,data/BRACOL/images/116.jpg
117,2,0,1,0,1,4,data/BRACOL/images/117.jpg
118,2,0,1,0,0,1,data/BRACOL/images/118.jpg
119,2,0,1,0,0,2,data/BRACOL/images/119.jpg
120,2,0,1,0,0,1,data/BRACOL/images/120.jpg
121,2,0,1,0,1,1,data/BRACOL/images/121.jpg
122,2,0,1,0,0,3,data/BRACOL/images/122.jpg
123,2,0,1,0,0,2,data/BRACOL/images/123.jpg
124,2,0,1,0,0,4,data/BRACOL/images/124.jpg
125,2,0,1,0,0,1,data/BRACOL/images/125.jpg
126,2,0,1,0,0,4,data/BRACOL/images/126.jpg
127,2,0,1,0,0,2,data/BRACOL/images/127.jpg
128,2,0,1,0,0,1,data/BRACOL/images/128.jpg
129,2,0,1,0,0,4,data/BRACOL/images/129.jpg
130,2,0,1,0,0,2,data/BRACOL/images/130.jpg
131,2,0,1,0,0,2,data/BRACOL/images/131.jpg
132,2,0,1,0,0,3,data/BRACOL/images/132.jpg
133,2,0,1,0,0,2,data/BRACOL/images/133.jpg
134,2,0,1,0,0,1,data/BRACOL/images/134.jpg
135,2,0,1,0,0,3,data/BRACOL/images/135.jpg
136,2,0,1,0,0,1,data/BRACOL/images/136.jpg
137,1,1,0,0,0,1,data/BRACOL/images/137.jpg
138,2,0,1,0,0,3,data/BRACOL/images/138.jpg
139,2,0,1,0,0,4,data/BRACOL/images/139.jpg
140,2,0,1,0,0,2,data/BRACOL/images/140.jpg
141,2,1,1,0,0,3,data/BRACOL/images/141.jpg
142,2,1,1,0,0,1,data/BRACOL/images/142.jpg
143,2,0,1,0,0,3,data/BRACOL/images/143.jpg
144,2,0,1,0,0,1,data/BRACOL/images/144.jpg
145,2,0,1,0,0,1,data/BRACOL/images/145.jpg
146,2,0,1,0,0,2,data/BRACOL/images/146.jpg
147,2,0,1,0,0,1,data/BRACOL/images/147.jpg
148,2,0,1,0,0,1,data/BRACOL/images/148.jpg
149,2,0,1,0,0,3,data/BRACOL/images/149.jpg
150,2,0,1,0,0,2,data/BRACOL/images/150.jpg
151,2,0,1,0,0,1,data/BRACOL/images/151.jpg
152,2,0,1,0,0,1,data/BRACOL/images/152.jpg
153,2,0,1,0,0,3,data/BRACOL/images/153.jpg
154,2,0,1,0,1,3,data/BRACOL/images/154.jpg
155,2,0,1,0,0,1,data/BRACOL/images/155.jpg
156,2,0,1,0,1,1,data/BRACOL/images/156.jpg
157,2,0,1,0,1,1,data/BRACOL/images/157.jpg
158,2,0,1,0,0,1,data/BRACOL/images/158.jpg
159,2,0,1,0,1,1,data/BRACOL/images/159.jpg
160,2,0,1,0,0,1,data/BRACOL/images/160.jpg
161,2,0,1,0,0,2,data/BRACOL/images/161.jpg
162,2,0,1,0,0,1,data/BRACOL/images/162.jpg
163,2,0,1,0,0,1,data/BRACOL/images/163.jpg
164,2,0,1,0,0,1,data/BRACOL/images/164.jpg
165,2,0,1,0,0,2,data/BRACOL/images/165.jpg
166,2,0,1,0,0,1,data/BRACOL/images/166.jpg
167,2,0,1,0,0,1,data/BRACOL/images/167.jpg
168,2,0,1,0,0,1,data/BRACOL/images/168.jpg
169,2,0,1,0,0,1,data/BRACOL/images/169.jpg
170,0,0,0,0,0,0,data/BRACOL/images/170.jpg
171,2,0,1,0,1,1,data/BRACOL/images/171.jpg
172,2,0,1,0,0,1,data/BRACOL/images/172.jpg
173,2,0,1,0,0,1,data/BRACOL/images/173.jpg
174,0,0,0,0,0,0,data/BRACOL/images/174.jpg
175,0,0,0,0,0,0,data/BRACOL/images/175.jpg
176,0,0,0,0,0,0,data/BRACOL/images/176.jpg
177,0,0,0,0,0,0,data/BRACOL/images/177.jpg
178,0,0,0,0,0,0,data/BRACOL/images/178.jpg
179,0,0,0,0,0,0,data/BRACOL/images/179.jpg
180,0,0,0,0,0,0,data/BRACOL/images/180.jpg
181,0,0,0,0,0,0,data/BRACOL/images/181.jpg
182,0,0,0,0,0,0,data/BRACOL/images/182.jpg
183,0,0,0,0,0,0,data/BRACOL/images/183.jpg
184,0,0,0,0,0,0,data/BRACOL/images/184.jpg
185,0,0,0,0,0,0,data/BRACOL/images/185.jpg
186,0,0,0,0,0,0,data/BRACOL/images/186.jpg
187,0,0,0,0,0,0,data/BRACOL/images/187.jpg
188,0,0,0,0,0,0,data/BRACOL/images/188.jpg
189,0,0,0,0,0,0,data/BRACOL/images/189.jpg
190,0,0,0,0,0,0,data/BRACOL/images/190.jpg
191,0,0,0,0,0,0,data/BRACOL/images/191.jpg
192,0,0,0,0,0,0,data/BRACOL/images/192.jpg
193,0,0,0,0,0,0,data/BRACOL/images/193.jpg
194,0,0,0,0,0,0,data/BRACOL/images/194.jpg
195,0,0,0,0,0,0,data/BRACOL/images/195.jpg
196,0,0,0,0,0,0,data/BRACOL/images/196.jpg
197,0,0,0,0,0,0,data/BRACOL/images/197.jpg
198,0,0,0,0,0,0,data/BRACOL/images/198.jpg
199,0,0,0,0,0,0,data/BRACOL/images/199.jpg
200,0,0,0,0,0,0,data/BRACOL/images/200.jpg
201,0,0,0,0,0,0,data/BRACOL/images/201.jpg
202,0,0,0,0,0,0,data/BRACOL/images/202.jpg
203,0,0,0,0,0,0,data/BRACOL/images/203.jpg
204,0,0,0,0,0,0,data/BRACOL/images/204.jpg
205,0,0,0,0,0,0,data/BRACOL/images/205.jpg
206,0,0,0,0,0,0,data/BRACOL/images/206.jpg
207,0,0,0,0,0,0,data/BRACOL/images/207.jpg
208,0,0,0,0,0,0,data/BRACOL/images/208.jpg
209,0,0,0,0,0,0,data/BRACOL/images/209.jpg
210,0,0,0,0,0,0,data/BRACOL/images/210.jpg
211,0,0,0,0,0,0,data/BRACOL/images/211.jpg
212,1,1,0,0,0,1,data/BRACOL/images/212.jpg
213,1,1,0,0,0,1,data/BRACOL/images/213.jpg
214,1,1,0,0,0,1,data/BRACOL/images/214.jpg
215,1,1,0,0,0,1,data/BRACOL/images/215.jpg
216,1,1,0,0,0,1,data/BRACOL/images/216.jpg
217,1,1,0,0,0,1,data/BRACOL/images/217.jpg
218,1,1,0,0,0,1,data/BRACOL/images/218.jpg
219,1,1,0,0,0,2,data/BRACOL/images/219.jpg
220,1,1,0,0,0,1,data/BRACOL/images/220.jpg
221,1,1,0,0,0,1,data/BRACOL/images/221.jpg
222,1,1,0,0,0,1,data/BRACOL/images/222.jpg
223,1,1,0,0,0,1,data/BRACOL/images/223.jpg
224,1,1,0,0,0,1,data/BRACOL/images/224.jpg
225,1,1,0,0,0,2,data/BRACOL/images/225.jpg
226,1,1,0,0,0,1,data/BRACOL/images/226.jpg
227,1,1,0,0,0,2,data/BRACOL/images/227.jpg
228,1,1,0,0,0,1,data/BRACOL/images/228.jpg
229,1,1,0,0,0,1,data/BRACOL/images/229.jpg
230,1,1,0,0,1,3,data/BRACOL/images/230.jpg
231,0,0,0,0,0,0,data/BRACOL/images/231.jpg
232,3,0,0,1,0,2,data/BRACOL/images/232.jpg
233,3,0,0,1,0,1,data/BRACOL/images/233.jpg
234,3,0,0,1,0,3,data/BRACOL/images/234.jpg
235,3,0,0,1,0,2,data/BRACOL/images/235.jpg
236,3,0,0,1,0,1,data/BRACOL/images/236.jpg
237,3,0,0,1,0,1,data/BRACOL/images/237.jpg
238,3,0,0,1,0,1,data/BRACOL/images/238.jpg
239,3,0,0,1,0,1,data/BRACOL/images/239.jpg
240,3,0,0,1,0,1,data/BRACOL/images/240.jpg
241,3,0,0,1,0,2,data/BRACOL/images/241.jpg
242,3,0,0,1,0,2,data/BRACOL/images/242.jpg
243,3,0,0,1,0,3,data/BRACOL/images/243.jpg
244,3,0,0,1,0,2,data/BRACOL/images/244.jpg
245,3,0,0,1,0,1,data/BRACOL/images/245.jpg
246,3,0,0,1,0,2,data/BRACOL/images/246.jpg
247,3,0,0,1,0,1,data/BRACOL/images/247.jpg
248,3,0,0,1,0,1,data/BRACOL/images/248.jpg
249,3,0,0,1,0,2,data/BRACOL/images/249.jpg
250,3,0,0,1,0,2,data/BRACOL/images/250.jpg
251,3,0,0,1,0,1,data/BRACOL/images/251.jpg
252,3,0,0,1,0,2,data/BRACOL/images/252.jpg
253,3,0,0,1,0,2,data/BRACOL/images/253.jpg
254,3,0,0,1,0,3,data/BRACOL/images/254.jpg
255,3,0,0,1,0,2,data/BRACOL/images/255.jpg
256,3,0,0,1,0,3,data/BRACOL/images/256.jpg
257,3,0,0,1,0,2,data/BRACOL/images/257.jpg
258,3,0,0,1,0,2,data/BRACOL/images/258.jpg
259,3,0,0,1,0,1,data/BRACOL/images/259.jpg
260,3,0,0,1,0,1,data/BRACOL/images/260.jpg
261,3,0,0,1,0,1,data/BRACOL/images/261.jpg
262,3,0,0,1,0,1,data/BRACOL/images/262.jpg
263,3,0,0,1,0,2,data/BRACOL/images/263.jpg
264,3,0,0,1,0,1,data/BRACOL/images/264.jpg
265,3,0,0,1,0,2,data/BRACOL/images/265.jpg
266,3,0,0,1,0,1,data/BRACOL/images/266.jpg
267,3,0,0,1,0,1,data/BRACOL/images/267.jpg
268,3,0,0,1,0,1,data/BRACOL/images/268.jpg
269,3,0,0,1,0,4,data/BRACOL/images/269.jpg
270,3,0,0,1,0,1,data/BRACOL/images/270.jpg
271,3,0,0,1,0,1,data/BRACOL/images/271.jpg
272,3,0,0,1,0,2,data/BRACOL/images/272.jpg
273,3,0,0,1,0,2,data/BRACOL/images/273.jpg
274,3,0,0,1,0,1,data/BRACOL/images/274.jpg
275,3,0,0,1,0,1,data/BRACOL/images/275.jpg
276,3,0,0,1,0,1,data/BRACOL/images/276.jpg
277,3,0,0,1,0,1,data/BRACOL/images/277.jpg
278,3,0,0,1,0,1,data/BRACOL/images/278.jpg
279,3,0,0,1,0,1,data/BRACOL/images/279.jpg
280,3,0,0,1,0,1,data/BRACOL/images/280.jpg
281,3,0,0,1,0,1,data/BRACOL/images/281.jpg
282,3,0,0,1,0,1,data/BRACOL/images/282.jpg
283,3,0,0,1,0,3,data/BRACOL/images/283.jpg
284,3,0,0,1,0,1,data/BRACOL/images/284.jpg
285,3,0,0,1,0,2,data/BRACOL/images/285.jpg
286,3,0,0,1,0,1,data/BRACOL/images/286.jpg
287,3,0,0,1,0,2,data/BRACOL/images/287.jpg
288,3,0,0,1,0,2,data/BRACOL/images/288.jpg
289,3,0,0,1,0,1,data/BRACOL/images/289.jpg
290,3,0,0,1,0,2,data/BRACOL/images/290.jpg
291,3,0,0,1,0,1,data/BRACOL/images/291.jpg
292,3,0,0,1,0,2,data/BRACOL/images/292.jpg
293,3,0,0,1,0,2,data/BRACOL/images/293.jpg
294,3,0,0,1,0,2,data/BRACOL/images/294.jpg
295,3,0,0,1,0,3,data/BRACOL/images/295.jpg
296,3,0,0,1,0,1,data/BRACOL/images/296.jpg
297,3,0,0,1,0,2,data/BRACOL/images/297.jpg
298,3,0,0,1,0,2,data/BRACOL/images/298.jpg
299,3,0,0,1,0,2,data/BRACOL/images/299.jpg
300,3,0,0,1,0,3,data/BRACOL/images/300.jpg
301,3,0,0,1,0,3,data/BRACOL/images/301.jpg
302,3,0,0,1,0,2,data/BRACOL/images/302.jpg
303,3,0,0,1,0,1,data/BRACOL/images/303.jpg
304,3,0,0,1,0,2,data/BRACOL/images/304.jpg
305,3,0,0,1,0,1,data/BRACOL/images/305.jpg
306,3,0,0,1,0,2,data/BRACOL/images/306.jpg
307,3,0,0,1,0,1,data/BRACOL/images/307.jpg
308,3,0,0,1,0,2,data/BRACOL/images/308.jpg
309,3,0,0,1,0,4,data/BRACOL/images/309.jpg
310,3,0,0,1,0,3,data/BRACOL/images/310.jpg
311,3,0,0,1,0,1,data/BRACOL/images/311.jpg
312,3,0,0,1,0,1,data/BRACOL/images/312.jpg
313,3,0,0,1,0,1,data/BRACOL/images/313.jpg
314,3,0,0,1,0,1,data/BRACOL/images/314.jpg
315,3,0,0,1,0,2,data/BRACOL/images/315.jpg
316,3,0,0,1,0,1,data/BRACOL/images/316.jpg
317,3,0,0,1,0,1,data/BRACOL/images/317.jpg
318,3,0,0,1,0,3,data/BRACOL/images/318.jpg
319,3,0,0,1,0,2,data/BRACOL/images/319.jpg
320,3,0,0,1,0,2,data/BRACOL/images/320.jpg
321,3,0,0,1,0,4,data/BRACOL/images/321.jpg
322,3,0,0,1,0,2,data/BRACOL/images/322.jpg
323,3,0,0,1,0,3,data/BRACOL/images/323.jpg
324,3,0,0,1,0,1,data/BRACOL/images/324.jpg
325,3,0,0,1,0,1,data/BRACOL/images/325.jpg
326,3,0,0,1,0,2,data/BRACOL/images/326.jpg
327,3,0,0,1,0,3,data/BRACOL/images/327.jpg
328,3,0,0,1,0,2,data/BRACOL/images/328.jpg
329,3,0,0,1,0,1,data/BRACOL/images/329.jpg
330,3,0,0,1,0,1,data/BRACOL/images/330.jpg
331,3,0,0,1,0,2,data/BRACOL/images/331.jpg
332,3,0,0,1,0,1,data/BRACOL/images/332.jpg
333,3,0,0,1,0,1,data/BRACOL/images/333.jpg
334,3,0,0,1,0,2,data/BRACOL/images/334.jpg
335,3,0,0,1,0,1,data/BRACOL/images/335.jpg
336,3,0,0,1,0,3,data/BRACOL/images/336.jpg
337,3,0,0,1,0,1,data/BRACOL/images/337.jpg
338,3,0,0,1,0,1,data/BRACOL/images/338.jpg
339,3,0,0,1,0,2,data/BRACOL/images/339.jpg
340,3,0,0,1,0,1,data/BRACOL/images/340.jpg
341,3,0,0,1,0,1,data/BRACOL/images/341.jpg
342,3,0,0,1,0,1,data/BRACOL/images/342.jpg
343,3,0,0,1,0,1,data/BRACOL/images/343.jpg
344,3,0,0,1,0,1,data/BRACOL/images/344.jpg
345,3,0,0,1,0,2,data/BRACOL/images/345.jpg
346,3,0,0,1,0,1,data/BRACOL/images/346.jpg
347,3,0,0,1,0,1,data/BRACOL/images/347.jpg
348,3,0,0,1,0,1,data/BRACOL/images/348.jpg
349,3,0,0,1,0,1,data/BRACOL/images/349.jpg
350,3,0,0,1,0,3,data/BRACOL/images/350.jpg
351,3,0,0,1,0,1,data/BRACOL/images/351.jpg
352,3,0,0,1,0,1,data/BRACOL/images/352.jpg
353,3,0,0,1,0,2,data/BRACOL/images/353.jpg
354,3,0,0,1,0,1,data/BRACOL/images/354.jpg
355,3,0,0,1,0,2,data/BRACOL/images/355.jpg
356,3,0,0,1,0,1,data/BRACOL/images/356.jpg
357,3,0,0,1,0,2,data/BRACOL/images/357.jpg
358,3,0,0,1,0,1,data/BRACOL/images/358.jpg
359,3,0,0,1,0,1,data/BRACOL/images/359.jpg
360,3,0,0,1,0,1,data/BRACOL/images/360.jpg
361,3,0,0,1,0,1,data/BRACOL/images/361.jpg
362,3,0,0,1,0,4,data/BRACOL/images/362.jpg
363,3,0,0,1,0,1,data/BRACOL/images/363.jpg
364,3,0,0,1,0,3,data/BRACOL/images/364.jpg
365,3,0,0,1,0,1,data/BRACOL/images/365.jpg
366,3,0,0,1,0,1,data/BRACOL/images/366.jpg
367,3,0,0,1,0,1,data/BRACOL/images/367.jpg
368,3,0,0,1,0,1,data/BRACOL/images/368.jpg
369,3,0,0,1,0,4,data/BRACOL/images/369.jpg
370,3,0,0,1,0,1,data/BRACOL/images/370.jpg
371,3,0,0,1,0,3,data/BRACOL/images/371.jpg
372,3,0,0,1,0,2,data/BRACOL/images/372.jpg
373,3,0,0,1,0,1,data/BRACOL/images/373.jpg
374,3,0,0,1,0,1,data/BRACOL/images/374.jpg
375,3,0,0,1,0,1,data/BRACOL/images/375.jpg
376,3,0,0,1,0,1,data/BRACOL/images/376.jpg
377,3,0,0,1,0,3,data/BRACOL/images/377.jpg
378,3,0,0,1,0,1,data/BRACOL/images/378.jpg
379,3,0,0,1,0,2,data/BRACOL/images/379.jpg
380,3,0,0,1,0,1,data/BRACOL/images/380.jpg
381,3,0,0,1,0,1,data/BRACOL/images/381.jpg
382,3,0,0,1,0,1,data/BRACOL/images/382.jpg
383,3,0,0,1,0,2,data/BRACOL/images/383.jpg
384,3,0,0,1,0,1,data/BRACOL/images/384.jpg
385,3,0,0,1,0,1,data/BRACOL/images/385.jpg
386,3,0,0,1,0,1,data/BRACOL/images/386.jpg
387,3,0,0,1,0,2,data/BRACOL/images/387.jpg
388,3,0,0,1,0,3,data/BRACOL/images/388.jpg
389,3,0,0,1,0,1,data/BRACOL/images/389.jpg
390,3,0,0,1,0,1,data/BRACOL/images/390.jpg
391,3,0,0,1,0,4,data/BRACOL/images/391.jpg
392,3,0,0,1,0,1,data/BRACOL/images/392.jpg
393,3,0,0,1,0,1,data/BRACOL/images/393.jpg
394,3,0,0,1,0,1,data/BRACOL/images/394.jpg
395,3,0,0,1,0,1,data/BRACOL/images/395.jpg
396,3,0,0,1,0,1,data/BRACOL/images/396.jpg
397,3,0,0,1,0,1,data/BRACOL/images/397.jpg
398,3,0,0,1,0,2,data/BRACOL/images/398.jpg
399,3,0,0,1,0,1,data/BRACOL/images/399.jpg
400,3,0,0,1,0,2,data/BRACOL/images/400.jpg
401,3,0,0,1,0,1,data/BRACOL/images/401.jpg
402,3,0,0,1,0,1,data/BRACOL/images/402.jpg
403,3,0,0,1,0,2,data/BRACOL/images/403.jpg
404,3,0,0,1,0,2,data/BRACOL/images/404.jpg
405,3,0,0,1,0,3,data/BRACOL/images/405.jpg
406,3,0,0,1,0,1,data/BRACOL/images/406.jpg
407,3,0,0,1,0,2,data/BRACOL/images/407.jpg
408,3,0,0,1,0,2,data/BRACOL/images/408.jpg
409,3,0,0,1,0,4,data/BRACOL/images/409.jpg
410,3,0,0,1,0,1,data/BRACOL/images/410.jpg
411,3,0,0,1,0,1,data/BRACOL/images/411.jpg
412,3,0,0,1,0,2,data/BRACOL/images/412.jpg
413,3,0,0,1,0,1,data/BRACOL/images/413.jpg
414,3,0,0,1,0,3,data/BRACOL/images/414.jpg
415,3,0,0,1,0,2,data/BRACOL/images/415.jpg
416,3,0,0,1,0,1,data/BRACOL/images/416.jpg
417,3,0,0,1,0,1,data/BRACOL/images/417.jpg
418,3,0,0,1,0,1,data/BRACOL/images/418.jpg
419,3,0,0,1,0,2,data/BRACOL/images/419.jpg
420,3,0,0,1,0,1,data/BRACOL/images/420.jpg
421,3,0,0,1,0,2,data/BRACOL/images/421.jpg
422,3,0,0,1,0,1,data/BRACOL/images/422.jpg
423,3,0,0,1,0,1,data/BRACOL/images/423.jpg
424,3,0,0,1,0,2,data/BRACOL/images/424.jpg
425,3,0,0,1,0,1,data/BRACOL/images/425.jpg
426,3,0,0,1,0,1,data/BRACOL/images/426.jpg
427,3,0,0,1,0,2,data/BRACOL/images/427.jpg
428,3,0,0,1,0,1,data/BRACOL/images/428.jpg
429,3,0,0,1,0,4,data/BRACOL/images/429.jpg
430,3,0,0,1,0,1,data/BRACOL/images/430.jpg
431,3,0,0,1,0,1,data/BRACOL/images/431.jpg
432,3,0,0,1,0,2,data/BRACOL/images/432.jpg
433,3,0,0,1,0,1,data/BRACOL/images/433.jpg
434,3,0,0,1,0,2,data/BRACOL/images/434.jpg
435,3,0,0,1,0,1,data/BRACOL/images/435.jpg
436,3,0,0,1,0,2,data/BRACOL/images/436.jpg
437,3,0,0,1,0,1,data/BRACOL/images/437.jpg
438,3,0,0,1,0,1,data/BRACOL/images/438.jpg
439,4,0,0,0,1,1,data/BRACOL/images/439.jpg
440,3,0,0,1,0,1,data/BRACOL/images/440.jpg
441,3,0,0,1,0,1,data/BRACOL/images/441.jpg
442,3,0,0,1,0,1,data/BRACOL/images/442.jpg
443,3,0,0,1,0,2,data/BRACOL/images/443.jpg
444,3,0,0,1,0,1,data/BRACOL/images/444.jpg
445,3,0,0,1,0,1,data/BRACOL/images/445.jpg
446,0,0,0,0,0,0,data/BRACOL/images/446.jpg
447,1,1,0,0,0,1,data/BRACOL/images/447.jpg
448,3,0,0,1,0,4,data/BRACOL/images/448.jpg
449,3,0,0,1,0,1,data/BRACOL/images/449.jpg
450,3,0,0,1,0,1,data/BRACOL/images/450.jpg
451,3,0,0,1,1,2,data/BRACOL/images/451.jpg
452,3,0,0,1,0,1,data/BRACOL/images/452.jpg
453,3,0,0,1,0,1,data/BRACOL/images/453.jpg
454,3,0,0,1,0,1,data/BRACOL/images/454.jpg
455,3,0,0,1,0,1,data/BRACOL/images/455.jpg
456,3,0,0,1,0,2,data/BRACOL/images/456.jpg
457,3,0,0,1,0,1,data/BRACOL/images/457.jpg
458,3,0,0,1,0,2,data/BRACOL/images/458.jpg
459,3,0,0,1,0,1,data/BRACOL/images/459.jpg
460,3,0,0,1,0,1,data/BRACOL/images/460.jpg
461,3,0,0,1,0,3,data/BRACOL/images/461.jpg
462,3,0,0,1,0,1,data/BRACOL/images/462.jpg
463,3,0,0,1,0,1,data/BRACOL/images/463.jpg
464,3,0,0,1,0,1,data/BRACOL/images/464.jpg
465,3,0,0,1,0,1,data/BRACOL/images/465.jpg
466,4,0,0,0,1,1,data/BRACOL/images/466.jpg
467,3,0,1,1,0,1,data/BRACOL/images/467.jpg
468,3,0,0,1,0,1,data/BRACOL/images/468.jpg
469,3,0,0,1,0,1,data/BRACOL/images/469.jpg
470,3,0,0,1,0,1,data/BRACOL/images/470.jpg
471,3,0,0,1,0,1,data/BRACOL/images/471.jpg
472,3,0,0,1,0,2,data/BRACOL/images/472.jpg
473,3,0,0,1,0,2,data/BRACOL/images/473.jpg
474,3,0,0,1,1,2,data/BRACOL/images/474.jpg
475,3,0,0,1,0,1,data/BRACOL/images/475.jpg
476,3,0,0,1,0,1,data/BRACOL/images/476.jpg
477,3,0,0,1,0,1,data/BRACOL/images/477.jpg
478,3,0,0,1,0,2,data/BRACOL/images/478.jpg
479,3,0,0,1,0,1,data/BRACOL/images/479.jpg
480,3,0,0,1,0,1,data/BRACOL/images/480.jpg
481,3,0,0,1,0,2,data/BRACOL/images/481.jpg
482,3,0,0,1,0,2,data/BRACOL/images/482.jpg
483,3,0,0,1,0,2,data/BRACOL/images/483.jpg
484,3,0,0,1,0,2,data/BRACOL/images/484.jpg
485,3,0,0,1,0,1,data/BRACOL/images/485.jpg
486,3,0,0,1,0,1,data/BRACOL/images/486.jpg
487,3,0,0,1,0,3,data/BRACOL/images/487.jpg
488,3,0,0,1,0,2,data/BRACOL/images/488.jpg
489,3,0,0,1,0,1,data/BRACOL/images/489.jpg
490,3,0,0,1,0,1,data/BRACOL/images/490.jpg
491,3,0,0,1,0,1,data/BRACOL/images/491.jpg
492,3,0,0,1,0,4,data/BRACOL/images/492.jpg
493,3,0,0,1,0,1,data/BRACOL/images/493.jpg
494,4,0,0,0,1,1,data/BRACOL/images/494.jpg
495,3,0,0,1,0,2,data/BRACOL/images/495.jpg
496,3,0,0,1,0,3,data/BRACOL/images/496.jpg
497,3,0,0,1,0,1,data/BRACOL/images/497.jpg
498,3,0,0,1,0,2,data/BRACOL/images/498.jpg
499,3,0,0,1,0,1,data/BRACOL/images/499.jpg
500,3,0,0,1,0,1,data/BRACOL/images/500.jpg
501,3,0,0,1,0,1,data/BRACOL/images/501.jpg
502,3,0,0,1,0,4,data/BRACOL/images/502.jpg
503,3,0,0,1,0,1,data/BRACOL/images/503.jpg
504,4,0,0,1,1,1,data/BRACOL/images/504.jpg
505,3,0,0,1,0,3,data/BRACOL/images/505.jpg
506,3,0,0,1,0,3,data/BRACOL/images/506.jpg
507,3,0,0,1,0,4,data/BRACOL/images/507.jpg
508,3,0,0,1,0,2,data/BRACOL/images/508.jpg
509,3,0,0,1,0,2,data/BRACOL/images/509.jpg
510,3,0,0,1,0,1,data/BRACOL/images/510.jpg
511,3,0,0,1,0,2,data/BRACOL/images/511.jpg
512,3,0,0,1,0,1,data/BRACOL/images/512.jpg
513,3,0,0,1,0,2,data/BRACOL/images/513.jpg
514,3,0,0,1,0,1,data/BRACOL/images/514.jpg
515,3,0,0,1,0,1,data/BRACOL/images/515.jpg
516,3,0,0,1,0,1,data/BRACOL/images/516.jpg
517,4,0,0,0,1,1,data/BRACOL/images/517.jpg
518,3,0,0,1,0,1,data/BRACOL/images/518.jpg
519,3,0,0,1,0,1,data/BRACOL/images/519.jpg
520,3,0,0,1,0,1,data/BRACOL/images/520.jpg
521,3,0,0,1,0,1,data/BRACOL/images/521.jpg
522,2,0,1,0,0,3,data/BRACOL/images/522.jpg
523,3,0,0,1,0,2,data/BRACOL/images/523.jpg
524,3,0,0,1,0,2,data/BRACOL/images/524.jpg
525,4,0,0,0,1,1,data/BRACOL/images/525.jpg
526,3,0,0,1,1,2,data/BRACOL/images/526.jpg
527,2,0,1,0,0,1,data/BRACOL/images/527.jpg
528,3,0,0,1,0,1,data/BRACOL/images/528.jpg
529,3,0,0,1,0,1,data/BRACOL/images/529.jpg
530,3,0,0,1,0,1,data/BRACOL/images/530.jpg
531,3,0,0,1,0,1,data/BRACOL/images/531.jpg
532,3,0,0,1,0,1,data/BRACOL/images/532.jpg
533,3,0,0,1,0,4,data/BRACOL/images/533.jpg
534,3,0,0,1,0,2,data/BRACOL/images/534.jpg
535,4,0,0,1,1,2,data/BRACOL/images/535.jpg
536,3,0,0,1,1,3,data/BRACOL/images/536.jpg
537,3,0,0,1,0,2,data/BRACOL/images/537.jpg
538,3,0,0,1,0,1,data/BRACOL/images/538.jpg
539,3,0,0,1,0,3,data/BRACOL/images/539.jpg
540,3,0,0,1,0,2,data/BRACOL/images/540.jpg
541,3,0,0,1,0,1,data/BRACOL/images/541.jpg
542,3,0,0,1,0,1,data/BRACOL/images/542.jpg
543,3,0,0,1,0,2,data/BRACOL/images/543.jpg
544,3,0,0,1,0,4,data/BRACOL/images/544.jpg
545,3,0,0,1,0,1,data/BRACOL/images/545.jpg
546,3,0,0,1,0,1,data/BRACOL/images/546.jpg
547,3,0,0,1,0,4,data/BRACOL/images/547.jpg
548,3,0,0,1,0,2,data/BRACOL/images/548.jpg
549,3,0,0,1,0,4,data/BRACOL/images/549.jpg
550,3,0,0,1,0,3,data/BRACOL/images/550.jpg
551,3,0,0,1,0,3,data/BRACOL/images/551.jpg
552,5,0,0,1,1,1,data/BRACOL/images/552.jpg
553,3,0,0,1,0,1,data/BRACOL/images/553.jpg
554,3,0,0,1,0,2,data/BRACOL/images/554.jpg
555,4,0,0,0,1,1,data/BRACOL/images/555.jpg
556,3,0,0,1,0,2,data/BRACOL/images/556.jpg
557,3,0,0,1,0,1,data/BRACOL/images/557.jpg
558,2,0,1,0,0,1,data/BRACOL/images/558.jpg
559,3,0,0,1,0,2,data/BRACOL/images/559.jpg
560,2,0,1,0,0,1,data/BRACOL/images/560.jpg
561,2,1,1,0,0,4,data/BRACOL/images/561.jpg
562,4,0,1,0,1,1,data/BRACOL/images/562.jpg
563,3,0,0,1,0,1,data/BRACOL/images/563.jpg
564,3,0,0,1,0,1,data/BRACOL/images/564.jpg
565,0,0,0,0,0,0,data/BRACOL/images/565.jpg
566,4,0,0,0,1,1,data/BRACOL/images/566.jpg
567,4,0,0,0,1,1,data/BRACOL/images/567.jpg
568,0,0,0,0,0,0,data/BRACOL/images/568.jpg
569,4,0,0,0,1,1,data/BRACOL/images/569.jpg
570,2,0,1,0,1,2,data/BRACOL/images/570.jpg
571,0,0,0,0,0,0,data/BRACOL/images/571.jpg
572,2,0,1,0,0,1,data/BRACOL/images/572.jpg
573,0,0,0,0,0,0,data/BRACOL/images/573.jpg
574,3,0,0,1,0,1,data/BRACOL/images/574.jpg
575,1,1,0,0,0,1,data/BRACOL/images/575.jpg
576,1,1,0,0,0,1,data/BRACOL/images/576.jpg
577,4,0,0,0,1,1,data/BRACOL/images/577.jpg
578,0,0,0,0,0,0,data/BRACOL/images/578.jpg
579,4,0,0,0,1,1,data/BRACOL/images/579.jpg
580,1,1,0,0,0,1,data/BRACOL/images/580.jpg
581,0,0,0,0,0,0,data/BRACOL/images/581.jpg
582,0,0,0,0,0,0,data/BRACOL/images/582.jpg
583,0,0,0,0,0,0,data/BRACOL/images/583.jpg
584,1,1,0,0,0,1,data/BRACOL/images/584.jpg
585,1,1,0,0,0,1,data/BRACOL/images/585.jpg
586,2,0,1,0,0,1,data/BRACOL/images/586.jpg
587,0,0,0,0,0,0,data/BRACOL/images/587.jpg
588,1,1,0,0,0,1,data/BRACOL/images/588.jpg
589,2,1,1,0,0,3,data/BRACOL/images/589.jpg
590,2,0,1,0,0,2,data/BRACOL/images/590.jpg
591,3,0,0,1,0,1,data/BRACOL/images/591.jpg
592,3,0,0,1,0,1,data/BRACOL/images/592.jpg
593,2,0,1,0,0,2,data/BRACOL/images/593.jpg
594,4,0,1,0,1,1,data/BRACOL/images/594.jpg
595,3,0,0,1,0,1,data/BRACOL/images/595.jpg
596,2,1,1,0,0,4,data/BRACOL/images/596.jpg
597,2,0,1,0,0,2,data/BRACOL/images/597.jpg
598,2,0,1,0,0,4,data/BRACOL/images/598.jpg
599,2,0,1,0,0,1,data/BRACOL/images/599.jpg
600,0,0,0,0,0,0,data/BRACOL/images/600.jpg
601,0,0,0,0,0,0,data/BRACOL/images/601.jpg
602,0,0,0,0,0,0,data/BRACOL/images/602.jpg
603,0,0,0,0,0,0,data/BRACOL/images/603.jpg
604,4,0,1,0,1,1,data/BRACOL/images/604.jpg
605,2,0,1,0,1,3,data/BRACOL/images/605.jpg
606,2,1,1,0,0,1,data/BRACOL/images/606.jpg
607,1,1,0,0,0,1,data/BRACOL/images/607.jpg
608,5,0,0,1,0,1,data/BRACOL/images/608.jpg
609,2,0,1,0,0,1,data/BRACOL/images/609.jpg
610,3,0,0,1,0,1,data/BRACOL/images/610.jpg
611,4,0,0,0,1,1,data/BRACOL/images/611.jpg
612,0,0,0,0,0,0,data/BRACOL/images/612.jpg
613,0,0,0,0,0,0,data/BRACOL/images/613.jpg
614,0,0,0,0,0,0,data/BRACOL/images/614.jpg
615,2,0,1,0,1,1,data/BRACOL/images/615.jpg
616,0,0,0,0,0,0,data/BRACOL/images/616.jpg
617,3,1,0,1,0,1,data/BRACOL/images/617.jpg
618,0,0,0,0,0,0,data/BRACOL/images/618.jpg
619,2,0,1,0,0,1,data/BRACOL/images/619.jpg
620,1,1,0,0,0,1,data/BRACOL/images/620.jpg
621,2,1,1,0,0,1,data/BRACOL/images/621.jpg
622,1,1,0,0,0,1,data/BRACOL/images/622.jpg
623,1,1,1,0,0,1,data/BRACOL/images/623.jpg
624,0,0,0,0,0,0,data/BRACOL/images/624.jpg
625,0,0,0,0,0,0,data/BRACOL/images/625.jpg
626,0,0,0,0,0,0,data/BRACOL/images/626.jpg
627,0,0,0,0,0,0,data/BRACOL/images/627.jpg
628,3,0,0,1,0,2,data/BRACOL/images/628.jpg
629,0,0,0,0,0,0,data/BRACOL/images/629.jpg
630,0,0,0,0,0,0,data/BRACOL/images/630.jpg
631,0,0,0,0,0,0,data/BRACOL/images/631.jpg
632,1,1,1,0,0,1,data/BRACOL/images/632.jpg
633,0,0,0,0,0,0,data/BRACOL/images/633.jpg
634,4,0,0,0,1,1,data/BRACOL/images/634.jpg
635,0,0,0,0,0,0,data/BRACOL/images/635.jpg
636,2,0,1,0,1,1,data/BRACOL/images/636.jpg
637,2,0,1,0,0,1,data/BRACOL/images/637.jpg
638,2,0,1,0,0,1,data/BRACOL/images/638.jpg
639,5,0,0,0,0,0,data/BRACOL/images/639.jpg
640,3,0,0,1,0,1,data/BRACOL/images/640.jpg
641,2,0,1,0,0,1,data/BRACOL/images/641.jpg
642,0,0,0,0,0,0,data/BRACOL/images/642.jpg
643,0,0,0,0,0,0,data/BRACOL/images/643.jpg
644,1,1,1,0,0,1,data/BRACOL/images/644.jpg
645,3,0,0,1,0,1,data/BRACOL/images/645.jpg
646,3,0,0,1,0,1,data/BRACOL/images/646.jpg
647,3,0,0,1,0,1,data/BRACOL/images/647.jpg
648,4,0,1,0,1,1,data/BRACOL/images/648.jpg
649,0,0,0,0,0,0,data/BRACOL/images/649.jpg
650,2,0,1,0,0,1,data/BRACOL/images/650.jpg
651,3,0,0,1,0,1,data/BRACOL/images/651.jpg
652,4,0,0,1,1,1,data/BRACOL/images/652.jpg
653,4,0,0,0,1,1,data/BRACOL/images/653.jpg
654,3,0,0,1,0,1,data/BRACOL/images/654.jpg
655,3,0,0,1,0,1,data/BRACOL/images/655.jpg
656,0,0,0,0,0,0,data/BRACOL/images/656.jpg
657,3,0,0,1,0,1,data/BRACOL/images/657.jpg
658,3,0,0,1,0,1,data/BRACOL/images/658.jpg
659,4,0,0,0,1,1,data/BRACOL/images/659.jpg
660,1,1,0,1,0,1,data/BRACOL/images/660.jpg
661,3,0,0,1,0,1,data/BRACOL/images/661.jpg
662,1,1,0,0,0,1,data/BRACOL/images/662.jpg
663,1,1,1,0,0,2,data/BRACOL/images/663.jpg
664,2,0,1,0,0,4,data/BRACOL/images/664.jpg
665,2,0,1,0,0,1,data/BRACOL/images/665.jpg
666,3,0,0,1,0,1,data/BRACOL/images/666.jpg
667,0,0,0,0,0,0,data/BRACOL/images/667.jpg
668,5,0,0,0,1,1,data/BRACOL/images/668.jpg
669,3,0,1,1,0,2,data/BRACOL/images/669.jpg
670,3,0,0,1,0,2,data/BRACOL/images/670.jpg
671,5,0,0,0,0,0,data/BRACOL/images/671.jpg
672,5,1,1,0,0,2,data/BRACOL/images/672.jpg
673,3,0,0,1,0,1,data/BRACOL/images/673.jpg
674,0,0,0,0,0,0,data/BRACOL/images/674.jpg
675,5,0,1,0,1,1,data/BRACOL/images/675.jpg
676,1,1,1,0,0,2,data/BRACOL/images/676.jpg
677,3,0,0,1,0,1,data/BRACOL/images/677.jpg
678,1,1,0,0,0,1,data/BRACOL/images/678.jpg
679,4,0,0,0,1,1,data/BRACOL/images/679.jpg
680,1,1,0,0,0,1,data/BRACOL/images/680.jpg
681,2,0,1,0,0,1,data/BRACOL/images/681.jpg
682,4,0,1,0,1,4,data/BRACOL/images/682.jpg
683,3,0,0,1,0,1,data/BRACOL/images/683.jpg
684,0,0,0,0,0,0,data/BRACOL/images/684.jpg
685,0,0,0,0,0,0,data/BRACOL/images/685.jpg
686,1,1,0,0,0,3,data/BRACOL/images/686.jpg
687,0,0,0,0,0,0,data/BRACOL/images/687.jpg
688,1,1,0,0,0,2,data/BRACOL/images/688.jpg
1000,1,1,0,0,0,1,data/BRACOL/images/1000.jpg
1001,0,0,0,0,0,0,data/BRACOL/images/1001.jpg
1002,1,1,0,0,0,1,data/BRACOL/images/1002.jpg
1003,1,1,0,0,0,1,data/BRACOL/images/1003.jpg
1004,1,1,0,0,0,1,data/BRACOL/images/1004.jpg
1005,1,1,0,0,0,1,data/BRACOL/images/1005.jpg
1006,0,0,0,0,0,0,data/BRACOL/images/1006.jpg
1007,0,0,0,0,0,0,data/BRACOL/images/1007.jpg
1008,2,0,1,0,1,1,data/BRACOL/images/1008.jpg
1009,2,0,1,0,0,1,data/BRACOL/images/1009.jpg
1010,1,1,0,0,0,1,data/BRACOL/images/1010.jpg
1011,5,0,1,0,1,2,data/BRACOL/images/1011.jpg
1012,1,1,0,0,0,1,data/BRACOL/images/1012.jpg
1013,4,1,0,0,1,1,data/BRACOL/images/1013.jpg
1014,1,1,0,0,0,1,data/BRACOL/images/1014.jpg
1015,1,1,0,0,0,1,data/BRACOL/images/1015.jpg
1016,4,0,0,0,1,1,data/BRACOL/images/1016.jpg
1017,1,1,0,0,0,1,data/BRACOL/images/1017.jpg
1018,2,0,1,0,0,1,data/BRACOL/images/1018.jpg
1019,1,1,0,0,0,1,data/BRACOL/images/1019.jpg
1020,1,1,0,0,0,1,data/BRACOL/images/1020.jpg
1021,1,1,0,0,0,1,data/BRACOL/images/1021.jpg
1022,2,0,1,0,0,1,data/BRACOL/images/1022.jpg
1023,1,1,0,0,0,1,data/BRACOL/images/1023.jpg
1024,1,1,0,0,0,2,data/BRACOL/images/1024.jpg
1025,1,1,0,0,0,1,data/BRACOL/images/1025.jpg
1026,1,1,0,0,0,1,data/BRACOL/images/1026.jpg
1027,2,0,1,0,1,1,data/BRACOL/images/1027.jpg
1028,1,1,0,0,0,2,data/BRACOL/images/1028.jpg
1029,1,1,0,0,0,1,data/BRACOL/images/1029.jpg
1030,1,1,0,0,0,1,data/BRACOL/images/1030.jpg
1031,1,1,1,0,0,1,data/BRACOL/images/1031.jpg
1032,1,1,0,0,0,1,data/BRACOL/images/1032.jpg
1033,1,1,0,0,1,1,data/BRACOL/images/1033.jpg
1034,2,1,1,0,0,2,data/BRACOL/images/1034.jpg
1035,1,1,0,0,0,1,data/BRACOL/images/1035.jpg
1036,2,0,1,0,0,1,data/BRACOL/images/1036.jpg
1037,0,0,0,0,0,0,data/BRACOL/images/1037.jpg
1038,1,1,0,0,0,1,data/BRACOL/images/1038.jpg
1039,5,1,1,0,0,1,data/BRACOL/images/1039.jpg
1040,1,1,0,0,0,1,data/BRACOL/images/1040.jpg
1041,1,1,0,0,1,1,data/BRACOL/images/1041.jpg
1042,1,1,0,0,0,1,data/BRACOL/images/1042.jpg
1043,1,1,0,0,0,1,data/BRACOL/images/1043.jpg
1044,1,1,0,0,0,1,data/BRACOL/images/1044.jpg
1045,4,0,0,0,1,1,data/BRACOL/images/1045.jpg
1046,5,1,1,0,0,3,data/BRACOL/images/1046.jpg
1047,0,0,0,0,0,0,data/BRACOL/images/1047.jpg
1048,0,0,0,0,0,0,data/BRACOL/images/1048.jpg
1049,0,0,0,0,0,0,data/BRACOL/images/1049.jpg
1050,1,1,0,0,0,1,data/BRACOL/images/1050.jpg
1051,1,1,0,0,0,2,data/BRACOL/images/1051.jpg
1052,2,0,1,0,0,1,data/BRACOL/images/1052.jpg
1053,1,1,0,0,0,2,data/BRACOL/images/1053.jpg
1054,0,0,0,0,0,0,data/BRACOL/images/1054.jpg
1055,1,1,0,0,0,1,data/BRACOL/images/1055.jpg
1056,1,1,0,0,0,1,data/BRACOL/images/1056.jpg
1057,1,1,0,0,0,1,data/BRACOL/images/1057.jpg
1058,1,1,0,0,0,1,data/BRACOL/images/1058.jpg
1059,1,1,0,0,0,2,data/BRACOL/images/1059.jpg
1060,2,0,1,0,0,1,data/BRACOL/images/1060.jpg
1061,1,1,1,0,0,2,data/BRACOL/images/1061.jpg
1062,1,1,0,0,0,1,data/BRACOL/images/1062.jpg
1063,1,1,0,0,0,1,data/BRACOL/images/1063.jpg
1064,1,1,0,0,0,3,data/BRACOL/images/1064.jpg
1065,4,0,0,0,1,1,data/BRACOL/images/1065.jpg
1066,0,0,0,0,0,0,data/BRACOL/images/1066.jpg
1067,4,0,1,0,1,1,data/BRACOL/images/1067.jpg
1068,1,1,0,0,0,2,data/BRACOL/images/1068.jpg
1069,0,0,0,0,0,0,data/BRACOL/images/1069.jpg
1070,1,1,0,0,0,1,data/BRACOL/images/1070.jpg
1071,0,0,0,0,0,0,data/BRACOL/images/1071.jpg
1072,1,1,0,0,0,1,data/BRACOL/images/1072.jpg
1073,1,1,0,0,0,1,data/BRACOL/images/1073.jpg
1074,1,1,0,0,0,1,data/BRACOL/images/1074.jpg
1075,1,1,0,0,0,2,data/BRACOL/images/1075.jpg
1076,0,0,0,0,0,0,data/BRACOL/images/1076.jpg
1077,1,1,0,0,0,3,data/BRACOL/images/1077.jpg
1078,1,1,0,0,0,1,data/BRACOL/images/1078.jpg
1079,2,0,1,0,0,1,data/BRACOL/images/1079.jpg
1080,2,0,1,0,0,1,data/BRACOL/images/1080.jpg
1081,0,0,0,0,0,0,data/BRACOL/images/1081.jpg
1082,1,1,0,0,0,1,data/BRACOL/images/1082.jpg
1083,4,0,0,0,1,1,data/BRACOL/images/1083.jpg
1084,0,0,0,0,0,0,data/BRACOL/images/1084.jpg
1085,2,0,1,0,0,3,data/BRACOL/images/1085.jpg
1086,1,1,0,0,0,1,data/BRACOL/images/1086.jpg
1087,5,1,1,0,0,1,data/BRACOL/images/1087.jpg
1088,1,1,0,0,0,1,data/BRACOL/images/1088.jpg
1089,0,0,0,0,0,0,data/BRACOL/images/1089.jpg
1090,4,0,0,0,1,1,data/BRACOL/images/1090.jpg
1091,4,0,0,0,1,1,data/BRACOL/images/1091.jpg
1092,1,1,0,0,0,1,data/BRACOL/images/1092.jpg
1093,0,0,0,0,0,0,data/BRACOL/images/1093.jpg
1094,2,0,1,0,0,1,data/BRACOL/images/1094.jpg
1095,2,1,1,0,0,1,data/BRACOL/images/1095.jpg
1096,1,1,0,0,0,1,data/BRACOL/images/1096.jpg
1097,1,1,0,0,0,1,data/BRACOL/images/1097.jpg
1098,1,1,0,0,0,1,data/BRACOL/images/1098.jpg
1099,1,1,1,0,0,1,data/BRACOL/images/1099.jpg
1100,1,1,1,0,0,1,data/BRACOL/images/1100.jpg
1101,4,0,0,0,1,1,data/BRACOL/images/1101.jpg
1102,1,1,0,0,0,2,data/BRACOL/images/1102.jpg
1103,2,0,1,0,0,1,data/BRACOL/images/1103.jpg
1104,1,1,1,0,0,1,data/BRACOL/images/1104.jpg
1105,0,0,0,0,0,0,data/BRACOL/images/1105.jpg
1106,1,1,0,0,0,1,data/BRACOL/images/1106.jpg
1107,1,1,0,0,0,1,data/BRACOL/images/1107.jpg
1108,1,1,0,0,0,1,data/BRACOL/images/1108.jpg
1109,1,1,0,0,0,2,data/BRACOL/images/1109.jpg
1110,0,0,0,0,0,0,data/BRACOL/images/1110.jpg
1111,2,0,1,0,1,1,data/BRACOL/images/1111.jpg
1112,2,0,1,0,0,1,data/BRACOL/images/1112.jpg
1113,1,1,0,0,0,1,data/BRACOL/images/1113.jpg
1114,1,1,0,0,0,1,data/BRACOL/images/1114.jpg
1115,0,0,0,0,0,0,data/BRACOL/images/1115.jpg
1116,0,0,0,0,0,0,data/BRACOL/images/1116.jpg
1117,1,1,0,0,0,1,data/BRACOL/images/1117.jpg
1118,0,0,0,0,0,0,data/BRACOL/images/1118.jpg
1119,1,1,0,0,0,1,data/BRACOL/images/1119.jpg
1120,1,1,0,0,0,2,data/BRACOL/images/1120.jpg
1121,1,1,0,0,0,1,data/BRACOL/images/1121.jpg
1122,2,0,1,0,0,1,data/BRACOL/images/1122.jpg
1123,1,1,0,0,0,1,data/BRACOL/images/1123.jpg
1124,0,0,0,0,0,0,data/BRACOL/images/1124.jpg
1125,2,1,1,0,0,4,data/BRACOL/images/1125.jpg
1126,1,1,0,0,0,1,data/BRACOL/images/1126.jpg
1127,0,0,0,0,0,0,data/BRACOL/images/1127.jpg
1128,1,1,1,0,0,1,data/BRACOL/images/1128.jpg
1129,1,1,0,0,0,1,data/BRACOL/images/1129.jpg
1130,1,1,0,0,0,1,data/BRACOL/images/1130.jpg
1131,1,1,0,0,0,1,data/BRACOL/images/1131.jpg
1132,1,1,0,0,0,1,data/BRACOL/images/1132.jpg
1133,1,1,0,0,0,1,data/BRACOL/images/1133.jpg
1134,0,0,0,0,0,0,data/BRACOL/images/1134.jpg
1135,1,1,0,0,0,3,data/BRACOL/images/1135.jpg
1136,1,1,0,0,0,1,data/BRACOL/images/1136.jpg
1137,1,1,0,0,0,1,data/BRACOL/images/1137.jpg
1138,1,1,0,0,0,1,data/BRACOL/images/1138.jpg
1139,1,1,0,0,0,1,data/BRACOL/images/1139.jpg
1140,2,0,1,0,0,2,data/BRACOL/images/1140.jpg
1141,1,1,0,0,0,1,data/BRACOL/images/1141.jpg
1142,1,1,0,0,0,2,data/BRACOL/images/1142.jpg
1143,1,1,0,0,1,2,data/BRACOL/images/1143.jpg
1144,1,1,0,0,0,1,data/BRACOL/images/1144.jpg
1145,1,1,0,0,0,1,data/BRACOL/images/1145.jpg
1146,1,1,0,0,0,2,data/BRACOL/images/1146.jpg
1147,1,1,0,0,0,3,data/BRACOL/images/1147.jpg
1148,3,0,0,1,0,2,data/BRACOL/images/1148.jpg
1149,3,0,0,1,0,1,data/BRACOL/images/1149.jpg
1150,2,0,1,0,0,2,data/BRACOL/images/1150.jpg
1151,0,0,0,0,0,0,data/BRACOL/images/1151.jpg
1152,0,0,0,0,0,0,data/BRACOL/images/1152.jpg
1153,1,1,0,0,0,1,data/BRACOL/images/1153.jpg
1154,5,1,0,0,1,1,data/BRACOL/images/1154.jpg
1155,1,1,0,0,0,1,data/BRACOL/images/1155.jpg
1156,0,0,0,0,0,0,data/BRACOL/images/1156.jpg
1157,1,1,0,0,0,2,data/BRACOL/images/1157.jpg
1158,4,1,0,0,1,1,data/BRACOL/images/1158.jpg
1159,4,0,1,0,1,1,data/BRACOL/images/1159.jpg
1160,1,1,0,0,0,1,data/BRACOL/images/1160.jpg
1161,1,1,0,0,0,1,data/BRACOL/images/1161.jpg
1162,1,1,0,0,0,3,data/BRACOL/images/1162.jpg
1163,1,1,0,0,0,1,data/BRACOL/images/1163.jpg
1164,0,0,0,0,0,0,data/BRACOL/images/1164.jpg
1165,1,1,0,0,0,2,data/BRACOL/images/1165.jpg
1166,1,1,0,0,0,2,data/BRACOL/images/1166.jpg
1167,1,1,0,0,1,1,data/BRACOL/images/1167.jpg
1168,2,0,1,0,0,1,data/BRACOL/images/1168.jpg
1169,0,0,0,0,0,0,data/BRACOL/images/1169.jpg
1170,1,1,0,0,0,1,data/BRACOL/images/1170.jpg
1171,1,1,0,0,0,1,data/BRACOL/images/1171.jpg
1172,1,1,0,0,0,1,data/BRACOL/images/1172.jpg
1173,1,1,0,0,0,2,data/BRACOL/images/1173.jpg
1174,2,0,1,0,0,1,data/BRACOL/images/1174.jpg
1175,4,0,0,0,1,1,data/BRACOL/images/1175.jpg
1176,1,1,0,0,0,2,data/BRACOL/images/1176.jpg
1177,1,1,0,0,0,1,data/BRACOL/images/1177.jpg
1178,1,1,0,0,1,1,data/BRACOL/images/1178.jpg
1179,3,0,0,1,0,1,data/BRACOL/images/1179.jpg
1180,0,0,0,0,0,0,data/BRACOL/images/1180.jpg
1181,0,0,0,0,0,0,data/BRACOL/images/1181.jpg
1182,1,1,0,0,0,1,data/BRACOL/images/1182.jpg
1183,0,0,0,0,0,0,data/BRACOL/images/1183.jpg
1184,0,0,0,0,0,0,data/BRACOL/images/1184.jpg
1185,3,0,0,1,0,1,data/BRACOL/images/1185.jpg
1186,5,1,1,0,0,2,data/BRACOL/images/1186.jpg
1187,0,0,0,0,0,0,data/BRACOL/images/1187.jpg
1188,1,1,1,0,0,1,data/BRACOL/images/1188.jpg
1189,1,1,0,0,0,1,data/BRACOL/images/1189.jpg
1190,1,1,0,0,0,1,data/BRACOL/images/1190.jpg
1191,2,1,1,0,0,2,data/BRACOL/images/1191.jpg
1192,1,1,0,0,0,1,data/BRACOL/images/1192.jpg
1193,0,0,0,0,0,0,data/BRACOL/images/1193.jpg
1194,0,0,0,0,0,0,data/BRACOL/images/1194.jpg
1195,3,0,0,1,0,2,data/BRACOL/images/1195.jpg
1196,0,0,0,0,0,0,data/BRACOL/images/1196.jpg
1197,1,1,0,0,0,1,data/BRACOL/images/1197.jpg
1198,0,0,0,0,0,0,data/BRACOL/images/1198.jpg
1199,1,1,0,0,0,2,data/BRACOL/images/1199.jpg
1200,4,0,0,0,1,1,data/BRACOL/images/1200.jpg
1201,0,0,0,0,0,0,data/BRACOL/images/1201.jpg
1202,4,0,0,0,1,1,data/BRACOL/images/1202.jpg
1203,1,1,0,0,0,1,data/BRACOL/images/1203.jpg
1204,1,1,0,0,0,1,data/BRACOL/images/1204.jpg
1205,4,0,0,0,1,1,data/BRACOL/images/1205.jpg
1206,2,0,1,0,1,1,data/BRACOL/images/1206.jpg
1207,1,1,0,0,0,2,data/BRACOL/images/1207.jpg
1208,1,1,0,0,0,1,data/BRACOL/images/1208.jpg
1209,2,1,1,0,0,1,data/BRACOL/images/1209.jpg
1210,1,1,0,0,0,3,data/BRACOL/images/1210.jpg
1211,1,1,0,0,0,1,data/BRACOL/images/1211.jpg
1212,1,1,0,0,0,1,data/BRACOL/images/1212.jpg
1213,1,1,0,0,0,1,data/BRACOL/images/1213.jpg
1214,4,1,0,0,1,1,data/BRACOL/images/1214.jpg
1215,4,0,0,0,1,1,data/BRACOL/images/1215.jpg
1216,1,1,0,0,0,1,data/BRACOL/images/1216.jpg
1217,1,1,0,0,0,1,data/BRACOL/images/1217.jpg
1218,0,0,0,0,0,0,data/BRACOL/images/1218.jpg
1219,1,1,0,0,0,1,data/BRACOL/images/1219.jpg
1220,4,0,0,0,1,1,data/BRACOL/images/1220.jpg
1221,4,0,0,0,1,1,data/BRACOL/images/1221.jpg
1222,1,1,0,0,0,1,data/BRACOL/images/1222.jpg
1223,1,1,1,0,0,2,data/BRACOL/images/1223.jpg
1224,1,1,0,0,0,1,data/BRACOL/images/1224.jpg
1225,1,1,1,0,0,1,data/BRACOL/images/1225.jpg
1226,0,0,0,0,0,0,data/BRACOL/images/1226.jpg
1227,1,1,0,0,0,1,data/BRACOL/images/1227.jpg
1228,0,0,0,0,0,0,data/BRACOL/images/1228.jpg
1229,0,0,0,0,0,0,data/BRACOL/images/1229.jpg
1230,0,0,0,0,0,0,data/BRACOL/images/1230.jpg
1231,2,0,1,0,0,1,data/BRACOL/images/1231.jpg
1232,2,0,1,0,0,1,data/BRACOL/images/1232.jpg
1233,2,0,1,0,0,1,data/BRACOL/images/1233.jpg
1234,2,0,1,0,0,1,data/BRACOL/images/1234.jpg
1235,2,0,1,0,0,1,data/BRACOL/images/1235.jpg
1236,2,1,1,0,0,3,data/BRACOL/images/1236.jpg
1237,2,1,1,0,0,3,data/BRACOL/images/1237.jpg
1238,2,0,1,0,0,1,data/BRACOL/images/1238.jpg
1239,2,0,1,0,0,2,data/BRACOL/images/1239.jpg
1240,2,0,1,0,0,1,data/BRACOL/images/1240.jpg
1241,2,0,1,0,0,1,data/BRACOL/images/1241.jpg
1242,1,1,1,0,0,1,data/BRACOL/images/1242.jpg
1243,2,1,1,0,0,3,data/BRACOL/images/1243.jpg
1244,1,1,0,0,1,2,data/BRACOL/images/1244.jpg
1245,2,0,1,0,0,1,data/BRACOL/images/1245.jpg
1246,4,0,1,0,1,1,data/BRACOL/images/1246.jpg
1247,1,1,1,0,0,1,data/BRACOL/images/1247.jpg
1248,2,1,1,0,0,4,data/BRACOL/images/1248.jpg
1249,4,0,0,0,1,1,data/BRACOL/images/1249.jpg
1250,5,1,1,0,0,2,data/BRACOL/images/1250.jpg
1251,4,0,0,0,1,1,data/BRACOL/images/1251.jpg
1252,4,0,1,0,1,1,data/BRACOL/images/1252.jpg
1253,2,0,1,0,0,1,data/BRACOL/images/1253.jpg
1254,2,0,1,0,1,2,data/BRACOL/images/1254.jpg
1255,2,1,1,0,0,1,data/BRACOL/images/1255.jpg
1256,4,0,0,0,1,1,data/BRACOL/images/1256.jpg
1257,5,1,1,0,0,1,data/BRACOL/images/1257.jpg
1258,2,0,1,0,0,2,data/BRACOL/images/1258.jpg
1259,2,0,1,0,0,1,data/BRACOL/images/1259.jpg
1260,5,1,1,0,0,1,data/BRACOL/images/1260.jpg
1261,2,0,1,0,0,1,data/BRACOL/images/1261.jpg
1262,2,0,1,0,0,4,data/BRACOL/images/1262.jpg
1263,2,0,1,0,0,2,data/BRACOL/images/1263.jpg
1264,2,0,1,0,0,2,data/BRACOL/images/1264.jpg
1265,2,0,1,0,0,4,data/BRACOL/images/1265.jpg
1266,2,0,1,0,1,2,data/BRACOL/images/1266.jpg
1267,2,0,1,0,0,1,data/BRACOL/images/1267.jpg
1268,2,1,1,0,0,2,data/BRACOL/images/1268.jpg
1269,2,0,1,0,0,1,data/BRACOL/images/1269.jpg
1270,2,0,1,0,0,1,data/BRACOL/images/1270.jpg
1271,2,0,1,0,0,1,data/BRACOL/images/1271.jpg
1272,2,0,1,0,0,1,data/BRACOL/images/1272.jpg
1273,2,1,1,0,0,3,data/BRACOL/images/1273.jpg
1274,2,0,1,0,0,1,data/BRACOL/images/1274.jpg
1275,2,0,1,0,0,1,data/BRACOL/images/1275.jpg
1276,2,1,1,0,0,4,data/BRACOL/images/1276.jpg
1277,2,0,1,0,1,4,data/BRACOL/images/1277.jpg
1278,2,0,1,0,0,1,data/BRACOL/images/1278.jpg
1279,2,0,1,0,0,1,data/BRACOL/images/1279.jpg
1280,2,0,1,0,0,1,data/BRACOL/images/1280.jpg
1281,2,0,1,0,0,1,data/BRACOL/images/1281.jpg
1282,2,1,1,0,0,2,data/BRACOL/images/1282.jpg
1283,2,0,1,0,0,2,data/BRACOL/images/1283.jpg
1284,2,0,1,0,0,2,data/BRACOL/images/1284.jpg
1285,2,0,1,0,0,1,data/BRACOL/images/1285.jpg
1286,2,1,1,0,0,1,data/BRACOL/images/1286.jpg
1287,2,0,1,0,0,1,data/BRACOL/images/1287.jpg
1288,2,1,1,0,0,3,data/BRACOL/images/1288.jpg
1289,2,0,1,0,0,1,data/BRACOL/images/1289.jpg
1290,2,0,1,0,0,1,data/BRACOL/images/1290.jpg
1291,2,1,1,0,0,3,data/BRACOL/images/1291.jpg
1292,2,0,1,0,0,2,data/BRACOL/images/1292.jpg
1293,2,0,1,0,1,2,data/BRACOL/images/1293.jpg
1294,2,0,1,0,0,2,data/BRACOL/images/1294.jpg
1295,2,0,1,0,0,1,data/BRACOL/images/1295.jpg
1296,2,0,1,0,0,1,data/BRACOL/images/1296.jpg
1297,2,0,1,0,0,4,data/BRACOL/images/1297.jpg
1298,2,0,1,0,0,1,data/BRACOL/images/1298.jpg
1299,2,0,1,0,1,1,data/BRACOL/images/1299.jpg
1300,2,0,1,0,1,2,data/BRACOL/images/1300.jpg
1301,1,1,1,0,0,1,data/BRACOL/images/1301.jpg
1302,2,0,1,0,0,1,data/BRACOL/images/1302.jpg
1303,2,0,1,0,0,2,data/BRACOL/images/1303.jpg
1304,2,1,1,0,0,2,data/BRACOL/images/1304.jpg
1305,1,1,0,0,0,1,data/BRACOL/images/1305.jpg
1306,2,0,1,0,0,2,data/BRACOL/images/1306.jpg
1307,2,0,1,0,0,1,data/BRACOL/images/1307.jpg
1308,2,0,1,0,0,4,data/BRACOL/images/1308.jpg
1309,2,0,1,0,1,2,data/BRACOL/images/1309.jpg
1310,1,1,1,0,0,1,data/BRACOL/images/1310.jpg
1311,1,1,1,0,0,2,data/BRACOL/images/1311.jpg
1312,1,1,1,0,0,2,data/BRACOL/images/1312.jpg
1313,4,0,0,0,1,1,data/BRACOL/images/1313.jpg
1314,5,0,1,0,0,2,data/BRACOL/images/1314.jpg
1315,2,0,1,0,0,3,data/BRACOL/images/1315.jpg
1316,1,1,0,0,0,2,data/BRACOL/images/1316.jpg
1317,5,0,1,0,1,3,data/BRACOL/images/1317.jpg
1318,2,1,1,0,0,1,data/BRACOL/images/1318.jpg
1319,2,0,1,0,1,1,data/BRACOL/images/1319.jpg
1320,2,1,1,0,0,4,data/BRACOL/images/1320.jpg
1321,1,1,1,0,0,1,data/BRACOL/images/1321.jpg
1322,1,1,0,0,0,3,data/BRACOL/images/1322.jpg
1323,4,0,1,0,1,2,data/BRACOL/images/1323.jpg
1324,1,1,0,0,1,1,data/BRACOL/images/1324.jpg
1325,2,0,1,0,1,1,data/BRACOL/images/1325.jpg
1326,2,1,1,0,0,4,data/BRACOL/images/1326.jpg
1327,2,1,1,0,1,4,data/BRACOL/images/1327.jpg
1328,2,0,1,0,0,1,data/BRACOL/images/1328.jpg
1329,2,0,1,0,0,2,data/BRACOL/images/1329.jpg
1330,2,0,1,0,1,2,data/BRACOL/images/1330.jpg
1331,5,0,1,0,1,1,data/BRACOL/images/1331.jpg
1332,2,0,1,0,0,2,data/BRACOL/images/1332.jpg
1333,4,0,1,0,1,1,data/BRACOL/images/1333.jpg
1334,2,0,1,0,1,1,data/BRACOL/images/1334.jpg
1335,2,0,1,0,1,1,data/BRACOL/images/1335.jpg
1336,2,0,1,0,0,1,data/BRACOL/images/1336.jpg
1337,2,0,1,0,0,1,data/BRACOL/images/1337.jpg
1338,2,0,1,0,1,1,data/BRACOL/images/1338.jpg
1339,2,0,1,0,0,1,data/BRACOL/images/1339.jpg
1340,2,0,1,0,0,3,data/BRACOL/images/1340.jpg
1341,2,0,1,0,0,2,data/BRACOL/images/1341.jpg
1342,2,0,1,0,0,4,data/BRACOL/images/1342.jpg
1343,1,1,1,0,0,3,data/BRACOL/images/1343.jpg
1344,2,0,1,0,0,2,data/BRACOL/images/1344.jpg
1345,2,0,1,0,0,1,data/BRACOL/images/1345.jpg
1346,2,0,1,0,1,3,data/BRACOL/images/1346.jpg
1347,2,0,1,0,0,1,data/BRACOL/images/1347.jpg
1348,2,0,1,0,1,1,data/BRACOL/images/1348.jpg
1349,2,0,1,0,0,1,data/BRACOL/images/1349.jpg
1350,2,0,1,0,0,1,data/BRACOL/images/1350.jpg
1351,1,1,0,0,0,1,data/BRACOL/images/1351.jpg
1352,2,0,1,0,0,2,data/BRACOL/images/1352.jpg
1353,2,0,1,0,0,1,data/BRACOL/images/1353.jpg
1354,2,0,1,0,0,1,data/BRACOL/images/1354.jpg
1355,2,1,1,0,0,2,data/BRACOL/images/1355.jpg
1356,2,0,1,0,0,2,data/BRACOL/images/1356.jpg
1357,4,0,1,0,1,1,data/BRACOL/images/1357.jpg
1358,2,0,1,0,1,1,data/BRACOL/images/1358.jpg
1359,2,0,1,0,0,3,data/BRACOL/images/1359.jpg
1360,2,0,1,0,1,2,data/BRACOL/images/1360.jpg
1361,4,0,1,0,1,2,data/BRACOL/images/1361.jpg
1362,1,1,0,0,0,1,data/BRACOL/images/1362.jpg
1363,2,0,1,0,0,1,data/BRACOL/images/1363.jpg
1364,2,0,1,0,0,1,data/BRACOL/images/1364.jpg
1365,2,0,1,0,0,1,data/BRACOL/images/1365.jpg
1366,2,0,1,0,0,1,data/BRACOL/images/1366.jpg
1367,2,0,1,0,0,1,data/BRACOL/images/1367.jpg
1368,2,0,1,0,0,1,data/BRACOL/images/1368.jpg
1369,2,0,1,0,1,1,data/BRACOL/images/1369.jpg
1370,0,0,0,0,0,0,data/BRACOL/images/1370.jpg
1371,2,0,1,0,0,1,data/BRACOL/images/1371.jpg
1372,2,0,1,0,1,1,data/BRACOL/images/1372.jpg
1373,2,0,1,0,0,1,data/BRACOL/images/1373.jpg
1374,2,0,1,0,0,1,data/BRACOL/images/1374.jpg
1375,2,0,1,0,0,1,data/BRACOL/images/1375.jpg
1376,2,0,1,0,0,1,data/BRACOL/images/1376.jpg
1377,2,0,1,0,1,1,data/BRACOL/images/1377.jpg
1378,2,1,1,0,0,1,data/BRACOL/images/1378.jpg
1379,5,0,1,0,1,1,data/BRACOL/images/1379.jpg
1380,5,0,1,0,1,1,data/BRACOL/images/1380.jpg
1381,2,1,1,0,0,2,data/BRACOL/images/1381.jpg
1382,2,0,1,0,0,2,data/BRACOL/images/1382.jpg
1383,2,0,1,0,0,1,data/BRACOL/images/1383.jpg
1384,2,0,1,0,0,1,data/BRACOL/images/1384.jpg
1385,2,0,1,0,0,1,data/BRACOL/images/1385.jpg
1386,2,0,1,0,1,1,data/BRACOL/images/1386.jpg
1387,4,0,1,0,1,1,data/BRACOL/images/1387.jpg
1388,2,0,1,0,1,3,data/BRACOL/images/1388.jpg
1389,2,0,1,0,0,1,data/BRACOL/images/1389.jpg
1390,2,0,1,0,1,2,data/BRACOL/images/1390.jpg
1391,2,0,1,0,1,2,data/BRACOL/images/1391.jpg
1392,1,1,0,0,1,2,data/BRACOL/images/1392.jpg
1393,4,0,1,0,1,1,data/BRACOL/images/1393.jpg
1394,5,1,1,0,0,1,data/BRACOL/images/1394.jpg
1395,2,1,1,0,0,2,data/BRACOL/images/1395.jpg
1396,2,0,1,0,1,3,data/BRACOL/images/1396.jpg
1397,2,0,1,0,0,1,data/BRACOL/images/1397.jpg
1398,2,0,1,0,0,2,data/BRACOL/images/1398.jpg
1399,2,0,1,0,0,1,data/BRACOL/images/1399.jpg
1400,2,0,1,0,0,1,data/BRACOL/images/1400.jpg
1401,2,1,1,0,0,4,data/BRACOL/images/1401.jpg
1402,2,0,1,0,1,2,data/BRACOL/images/1402.jpg
1403,4,0,1,0,1,3,data/BRACOL/images/1403.jpg
1404,4,0,0,0,1,1,data/BRACOL/images/1404.jpg
1405,2,0,1,0,0,1,data/BRACOL/images/1405.jpg
1406,2,0,1,0,0,1,data/BRACOL/images/1406.jpg
1407,2,1,1,0,0,1,data/BRACOL/images/1407.jpg
1408,2,0,1,0,1,1,data/BRACOL/images/1408.jpg
1409,2,0,1,0,1,2,data/BRACOL/images/1409.jpg
1410,4,0,0,0,1,1,data/BRACOL/images/1410.jpg
1411,2,0,1,0,0,1,data/BRACOL/images/1411.jpg
1412,1,1,1,0,0,1,data/BRACOL/images/1412.jpg
1413,2,0,1,0,0,2,data/BRACOL/images/1413.jpg
1414,2,0,1,0,1,1,data/BRACOL/images/1414.jpg
1415,5,1,1,0,0,1,data/BRACOL/images/1415.jpg
1416,4,0,1,0,1,1,data/BRACOL/images/1416.jpg
1417,4,0,0,0,1,1,data/BRACOL/images/1417.jpg
1418,2,0,1,0,0,1,data/BRACOL/images/1418.jpg
1419,2,0,1,0,0,1,data/BRACOL/images/1419.jpg
1420,2,1,1,0,0,1,data/BRACOL/images/1420.jpg
1421,1,1,1,0,0,1,data/BRACOL/images/1421.jpg
1422,2,0,1,0,0,2,data/BRACOL/images/1422.jpg
1423,2,1,1,0,0,1,data/BRACOL/images/1423.jpg
1424,2,1,1,0,0,2,data/BRACOL/images/1424.jpg
1425,2,0,1,0,0,2,data/BRACOL/images/1425.jpg
1426,5,1,0,0,1,2,data/BRACOL/images/1426.jpg
1427,2,0,1,0,1,1,data/BRACOL/images/1427.jpg
1428,2,0,1,0,0,1,data/BRACOL/images/1428.jpg
1429,2,0,1,0,0,1,data/BRACOL/images/1429.jpg
1430,2,0,1,0,0,1,data/BRACOL/images/1430.jpg
1431,2,0,1,0,1,2,data/BRACOL/images/1431.jpg
1432,2,0,1,0,0,2,data/BRACOL/images/1432.jpg
1433,2,0,1,0,1,2,data/BRACOL/images/1433.jpg
1434,2,0,1,0,1,1,data/BRACOL/images/1434.jpg
1435,1,1,1,0,0,1,data/BRACOL/images/1435.jpg
1436,2,0,1,0,0,1,data/BRACOL/images/1436.jpg
1437,2,0,1,0,0,1,data/BRACOL/images/1437.jpg
1438,4,0,0,0,1,1,data/BRACOL/images/1438.jpg
1439,2,0,1,0,0,1,data/BRACOL/images/1439.jpg
1440,2,1,1,0,0,3,data/BRACOL/images/1440.jpg
1441,4,0,0,0,1,1,data/BRACOL/images/1441.jpg
1442,2,0,1,0,0,3,data/BRACOL/images/1442.jpg
1443,2,0,1,0,0,1,data/BRACOL/images/1443.jpg
1444,4,0,0,0,1,1,data/BRACOL/images/1444.jpg
1445,2,0,1,0,0,1,data/BRACOL/images/1445.jpg
1446,4,0,1,0,1,1,data/BRACOL/images/1446.jpg
1447,2,0,1,0,1,1,data/BRACOL/images/1447.jpg
1448,2,0,1,0,0,1,data/BRACOL/images/1448.jpg
1449,2,0,1,0,0,4,data/BRACOL/images/1449.jpg
1450,5,1,1,0,1,2,data/BRACOL/images/1450.jpg
1451,1,1,0,0,0,1,data/BRACOL/images/1451.jpg
1452,1,1,1,0,0,1,data/BRACOL/images/1452.jpg
1453,4,0,0,0,1,1,data/BRACOL/images/1453.jpg
1454,2,0,1,0,1,1,data/BRACOL/images/1454.jpg
1455,2,0,1,0,0,2,data/BRACOL/images/1455.jpg
1456,2,1,1,0,0,2,data/BRACOL/images/1456.jpg
1457,2,0,1,0,0,1,data/BRACOL/images/1457.jpg
1458,1,1,1,0,0,1,data/BRACOL/images/1458.jpg
1459,1,1,0,0,0,1,data/BRACOL/images/1459.jpg
1460,2,1,1,0,0,2,data/BRACOL/images/1460.jpg
1461,2,0,1,0,0,1,data/BRACOL/images/1461.jpg
1462,4,0,1,0,1,1,data/BRACOL/images/1462.jpg
1463,2,0,1,0,0,1,data/BRACOL/images/1463.jpg
1464,2,0,1,0,0,1,data/BRACOL/images/1464.jpg
1465,2,0,1,0,1,1,data/BRACOL/images/1465.jpg
1466,2,0,1,0,0,1,data/BRACOL/images/1466.jpg
1467,2,0,1,0,0,1,data/BRACOL/images/1467.jpg
1468,2,0,1,0,0,4,data/BRACOL/images/1468.jpg
1469,4,0,1,0,1,2,data/BRACOL/images/1469.jpg
1470,2,0,1,0,1,3,data/BRACOL/images/1470.jpg
1471,5,0,1,0,1,1,data/BRACOL/images/1471.jpg
1472,2,0,1,0,1,2,data/BRACOL/images/1472.jpg
1473,2,0,1,0,0,2,data/BRACOL/images/1473.jpg
1474,2,0,1,0,0,2,data/BRACOL/images/1474.jpg
1475,2,0,1,0,0,1,data/BRACOL/images/1475.jpg
1476,2,0,1,0,0,4,data/BRACOL/images/1476.jpg
1477,1,1,0,0,0,1,data/BRACOL/images/1477.jpg
1478,4,0,0,0,1,1,data/BRACOL/images/1478.jpg
1479,2,0,1,0,1,1,data/BRACOL/images/1479.jpg
1480,1,1,0,0,1,1,data/BRACOL/images/1480.jpg
1481,2,0,1,0,1,1,data/BRACOL/images/1481.jpg
1482,1,1,0,0,0,1,data/BRACOL/images/1482.jpg
1483,2,0,1,0,1,1,data/BRACOL/images/1483.jpg
1484,4,0,1,0,1,1,data/BRACOL/images/1484.jpg
1485,4,0,0,0,1,1,data/BRACOL/images/1485.jpg
1486,2,0,1,0,0,3,data/BRACOL/images/1486.jpg
1487,1,1,0,0,0,1,data/BRACOL/images/1487.jpg
1488,2,1,1,0,0,1,data/BRACOL/images/1488.jpg
1489,5,1,1,0,0,3,data/BRACOL/images/1489.jpg
1490,2,0,1,0,0,1,data/BRACOL/images/1490.jpg
1491,2,0,1,0,1,1,data/BRACOL/images/1491.jpg
1492,2,0,1,0,0,1,data/BRACOL/images/1492.jpg
1493,2,0,1,0,0,3,data/BRACOL/images/1493.jpg
1494,2,0,1,0,1,1,data/BRACOL/images/1494.jpg
1495,2,0,1,0,0,2,data/BRACOL/images/1495.jpg
1496,4,0,0,0,1,1,data/BRACOL/images/1496.jpg
1497,5,0,1,0,1,2,data/BRACOL/images/1497.jpg
1498,2,0,1,0,0,1,data/BRACOL/images/1498.jpg
1499,1,1,1,0,0,1,data/BRACOL/images/1499.jpg
1500,2,0,1,0,1,1,data/BRACOL/images/1500.jpg
1501,4,0,0,0,1,2,data/BRACOL/images/1501.jpg
1502,2,0,1,0,0,2,data/BRACOL/images/1502.jpg
1503,2,0,1,0,1,2,data/BRACOL/images/1503.jpg
1504,1,1,0,0,0,1,data/BRACOL/images/1504.jpg
1505,2,1,1,0,0,1,data/BRACOL/images/1505.jpg
1506,2,0,1,0,0,1,data/BRACOL/images/1506.jpg
1507,2,0,1,0,0,1,data/BRACOL/images/1507.jpg
1508,2,0,1,0,0,1,data/BRACOL/images/1508.jpg
1509,1,1,0,0,0,1,data/BRACOL/images/1509.jpg
1510,2,0,1,0,0,1,data/BRACOL/images/1510.jpg
1511,5,0,1,0,1,1,data/BRACOL/images/1511.jpg
1512,1,1,1,0,0,1,data/BRACOL/images/1512.jpg
1513,2,0,1,0,0,1,data/BRACOL/images/1513.jpg
1514,5,1,1,0,0,3,data/BRACOL/images/1514.jpg
1515,2,1,1,0,0,2,data/BRACOL/images/1515.jpg
1516,2,0,1,0,0,2,data/BRACOL/images/1516.jpg
1517,2,0,1,0,0,4,data/BRACOL/images/1517.jpg
1518,2,0,1,0,0,1,data/BRACOL/images/1518.jpg
1519,1,1,1,0,0,1,data/BRACOL/images/1519.jpg
1520,2,0,1,0,0,2,data/BRACOL/images/1520.jpg
1521,5,1,1,0,0,1,data/BRACOL/images/1521.jpg
1522,2,0,1,0,0,1,data/BRACOL/images/1522.jpg
1523,2,0,1,0,1,1,data/BRACOL/images/1523.jpg
1524,2,0,1,0,0,2,data/BRACOL/images/1524.jpg
1525,5,1,1,0,0,3,data/BRACOL/images/1525.jpg
1526,2,0,1,0,0,1,data/BRACOL/images/1526.jpg
1527,2,0,1,0,0,3,data/BRACOL/images/1527.jpg
1528,2,0,1,0,0,1,data/BRACOL/images/1528.jpg
1529,2,0,1,0,0,1,data/BRACOL/images/1529.jpg
1530,2,0,1,0,0,1,data/BRACOL/images/1530.jpg
1531,2,0,1,0,0,2,data/BRACOL/images/1531.jpg
1532,2,1,1,0,0,1,data/BRACOL/images/1532.jpg
1533,2,0,1,0,1,1,data/BRACOL/images/1533.jpg
1534,2,1,1,0,0,2,data/BRACOL/images/1534.jpg
1535,2,0,1,0,0,1,data/BRACOL/images/1535.jpg
1536,2,0,1,0,0,1,data/BRACOL/images/1536.jpg
1537,2,1,1,0,0,2,data/BRACOL/images/1537.jpg
1538,4,0,1,0,1,1,data/BRACOL/images/1538.jpg
1539,2,0,1,0,0,1,data/BRACOL/images/1539.jpg
1540,2,0,1,0,0,1,data/BRACOL/images/1540.jpg
1541,2,0,1,0,0,2,data/BRACOL/images/1541.jpg
1542,1,1,0,0,0,1,data/BRACOL/images/1542.jpg
1543,2,1,1,0,0,2,data/BRACOL/images/1543.jpg
1544,2,0,1,0,0,2,data/BRACOL/images/1544.jpg
1545,5,1,1,0,1,2,data/BRACOL/images/1545.jpg
1546,2,0,1,0,1,1,data/BRACOL/images/1546.jpg
1547,2,0,1,0,0,2,data/BRACOL/images/1547.jpg
1548,2,0,1,0,0,1,data/BRACOL/images/1548.jpg
1549,4,0,0,0,1,1,data/BRACOL/images/1549.jpg
1550,4,0,0,0,1,1,data/BRACOL/images/1550.jpg
1551,2,0,1,0,1,1,data/BRACOL/images/1551.jpg
1552,2,0,1,0,0,1,data/BRACOL/images/1552.jpg
1553,4,0,0,0,1,1,data/BRACOL/images/1553.jpg
1554,2,0,1,0,0,2,data/BRACOL/images/1554.jpg
1555,4,1,0,0,1,1,data/BRACOL/images/1555.jpg
1556,5,1,1,0,0,1,data/BRACOL/images/1556.jpg
1557,2,1,1,0,0,2,data/BRACOL/images/1557.jpg
1558,5,0,1,0,1,1,data/BRACOL/images/1558.jpg
1559,2,0,1,0,0,1,data/BRACOL/images/1559.jpg
1560,2,0,1,0,0,1,data/BRACOL/images/1560.jpg
1561,2,0,1,0,0,3,data/BRACOL/images/1561.jpg
1562,1,1,0,0,0,1,data/BRACOL/images/1562.jpg
1563,2,0,1,0,0,1,data/BRACOL/images/1563.jpg
1564,2,1,1,0,0,2,data/BRACOL/images/1564.jpg
1565,5,0,1,0,1,1,data/BRACOL/images/1565.jpg
1566,2,0,1,0,0,1,data/BRACOL/images/1566.jpg
1567,2,0,1,0,1,1,data/BRACOL/images/1567.jpg
1568,2,0,1,0,0,1,data/BRACOL/images/1568.jpg
1569,5,1,1,0,0,1,data/BRACOL/images/1569.jpg
1570,2,0,1,0,1,1,data/BRACOL/images/1570.jpg
1571,2,1,1,0,0,1,data/BRACOL/images/1571.jpg
1572,2,0,1,0,0,2,data/BRACOL/images/1572.jpg
1573,4,0,0,0,1,2,data/BRACOL/images/1573.jpg
1574,4,0,1,0,1,1,data/BRACOL/images/1574.jpg
1575,4,0,1,0,1,1,data/BRACOL/images/1575.jpg
1576,4,0,0,0,1,1,data/BRACOL/images/1576.jpg
1577,4,0,0,0,1,1,data/BRACOL/images/1577.jpg
1578,4,0,1,0,1,1,data/BRACOL/images/1578.jpg
1579,4,0,1,0,1,1,data/BRACOL/images/1579.jpg
1580,2,0,1,0,0,2,data/BRACOL/images/1580.jpg
1581,2,0,1,0,0,3,data/BRACOL/images/1581.jpg
1582,4,0,0,0,1,1,data/BRACOL/images/1582.jpg
1583,2,0,1,0,1,1,data/BRACOL/images/1583.jpg
1584,2,0,1,0,0,1,data/BRACOL/images/1584.jpg
1585,1,1,0,0,0,1,data/BRACOL/images/1585.jpg
1586,2,0,1,0,1,3,data/BRACOL/images/1586.jpg
1587,5,0,1,0,1,1,data/BRACOL/images/1587.jpg
1588,5,0,1,0,1,1,data/BRACOL/images/1588.jpg
1589,4,0,1,0,1,1,data/BRACOL/images/1589.jpg
1590,2,0,1,0,0,3,data/BRACOL/images/1590.jpg
1591,4,0,0,0,1,1,data/BRACOL/images/1591.jpg
1592,5,1,1,0,1,1,data/BRACOL/images/1592.jpg
1593,2,0,1,0,0,1,data/BRACOL/images/1593.jpg
1594,2,0,1,0,0,1,data/BRACOL/images/1594.jpg
1595,2,0,1,0,0,1,data/BRACOL/images/1595.jpg
1596,5,0,1,0,1,2,data/BRACOL/images/1596.jpg
1597,2,0,1,0,0,1,data/BRACOL/images/1597.jpg
1598,2,0,1,0,1,1,data/BRACOL/images/1598.jpg
1599,2,0,1,0,1,1,data/BRACOL/images/1599.jpg
1600,2,0,1,0,0,1,data/BRACOL/images/1600.jpg
1601,4,0,0,0,1,1,data/BRACOL/images/1601.jpg
1602,2,0,1,0,1,1,data/BRACOL/images/1602.jpg
1603,2,0,1,0,0,1,data/BRACOL/images/1603.jpg
1604,4,0,0,0,1,1,data/BRACOL/images/1604.jpg
1605,2,0,1,0,1,2,data/BRACOL/images/1605.jpg
1606,2,0,1,0,0,4,data/BRACOL/images/1606.jpg
1607,2,0,1,0,0,2,data/BRACOL/images/1607.jpg
1608,4,0,0,0,1,1,data/BRACOL/images/1608.jpg
1609,2,0,1,0,1,2,data/BRACOL/images/1609.jpg
1610,5,0,1,0,1,1,data/BRACOL/images/1610.jpg
1611,4,0,0,0,1,1,data/BRACOL/images/1611.jpg
1612,2,0,1,0,0,1,data/BRACOL/images/1612.jpg
1613,2,0,1,0,1,3,data/BRACOL/images/1613.jpg
1614,2,0,1,0,1,1,data/BRACOL/images/1614.jpg
1615,5,0,1,0,1,2,data/BRACOL/images/1615.jpg
1616,2,0,1,0,0,2,data/BRACOL/images/1616.jpg
1617,2,0,1,0,0,1,data/BRACOL/images/1617.jpg
1618,4,0,1,0,1,2,data/BRACOL/images/1618.jpg
1619,5,0,1,0,1,1,data/BRACOL/images/1619.jpg
1620,2,0,1,0,1,2,data/BRACOL/images/1620.jpg
1621,4,0,0,0,1,1,data/BRACOL/images/1621.jpg
1622,2,0,1,0,0,1,data/BRACOL/images/1622.jpg
1623,2,0,1,0,1,4,data/BRACOL/images/1623.jpg
1624,0,0,0,0,0,0,data/BRACOL/images/1624.jpg
1625,4,0,1,0,1,1,data/BRACOL/images/1625.jpg
1626,2,0,1,0,0,1,data/BRACOL/images/1626.jpg
1627,2,0,1,0,0,1,data/BRACOL/images/1627.jpg
1628,2,0,1,0,0,1,data/BRACOL/images/1628.jpg
1629,2,0,1,0,0,2,data/BRACOL/images/1629.jpg
1630,4,0,0,0,1,1,data/BRACOL/images/1630.jpg
1631,4,0,0,0,1,1,data/BRACOL/images/1631.jpg
1632,2,1,1,0,0,2,data/BRACOL/images/1632.jpg
1633,2,0,1,0,1,4,data/BRACOL/images/1633.jpg
1634,4,0,1,0,1,1,data/BRACOL/images/1634.jpg
1635,2,0,1,0,1,2,data/BRACOL/images/1635.jpg
1636,4,0,1,0,1,1,data/BRACOL/images/1636.jpg
1637,2,0,1,0,0,1,data/BRACOL/images/1637.jpg
1638,5,0,1,0,1,1,data/BRACOL/images/1638.jpg
1639,2,0,1,0,1,1,data/BRACOL/images/1639.jpg
1640,5,0,1,0,1,1,data/BRACOL/images/1640.jpg
1641,2,0,1,0,0,1,data/BRACOL/images/1641.jpg
1642,4,0,1,0,1,3,data/BRACOL/images/1642.jpg
1643,5,0,1,0,1,1,data/BRACOL/images/1643.jpg
1644,4,0,0,0,1,1,data/BRACOL/images/1644.jpg
1645,2,0,1,0,1,1,data/BRACOL/images/1645.jpg
1646,2,0,1,0,1,2,data/BRACOL/images/1646.jpg
1647,2,0,1,0,1,4,data/BRACOL/images/1647.jpg
1648,2,0,1,0,0,1,data/BRACOL/images/1648.jpg
1649,2,0,1,0,0,1,data/BRACOL/images/1649.jpg
1650,2,0,1,0,0,1,data/BRACOL/images/1650.jpg
1651,2,0,1,0,0,1,data/BRACOL/images/1651.jpg
1652,2,0,1,0,1,1,data/BRACOL/images/1652.jpg
1653,4,0,0,0,1,1,data/BRACOL/images/1653.jpg
1654,4,0,0,0,1,1,data/BRACOL/images/1654.jpg
1655,4,0,0,0,1,1,data/BRACOL/images/1655.jpg
1656,2,0,1,0,0,1,data/BRACOL/images/1656.jpg
1657,2,0,1,0,1,2,data/BRACOL/images/1657.jpg
1658,4,0,1,0,1,1,data/BRACOL/images/1658.jpg
1659,4,0,1,0,1,2,data/BRACOL/images/1659.jpg
1660,4,0,1,0,1,1,data/BRACOL/images/1660.jpg
1661,4,0,1,0,1,1,data/BRACOL/images/1661.jpg
1662,2,0,1,0,0,2,data/BRACOL/images/1662.jpg
1663,4,0,1,0,1,2,data/BRACOL/images/1663.jpg
1664,2,0,1,0,0,1,data/BRACOL/images/1664.jpg
1665,5,1,1,0,0,1,data/BRACOL/images/1665.jpg
1666,2,0,1,0,1,2,data/BRACOL/images/1666.jpg
1667,2,0,1,0,0,1,data/BRACOL/images/1667.jpg
1668,2,0,1,0,1,1,data/BRACOL/images/1668.jpg
1669,4,0,1,0,1,1,data/BRACOL/images/1669.jpg
1670,5,0,1,0,1,1,data/BRACOL/images/1670.jpg
1671,2,0,1,0,0,1,data/BRACOL/images/1671.jpg
1672,2,0,1,0,1,2,data/BRACOL/images/1672.jpg
1673,4,0,0,0,1,1,data/BRACOL/images/1673.jpg
1674,2,0,1,0,0,1,data/BRACOL/images/1674.jpg
1675,4,0,0,0,1,1,data/BRACOL/images/1675.jpg
1676,4,0,1,0,1,1,data/BRACOL/images/1676.jpg
1677,4,0,0,0,1,1,data/BRACOL/images/1677.jpg
1678,2,0,1,0,1,2,data/BRACOL/images/1678.jpg
1679,2,1,1,0,0,2,data/BRACOL/images/1679.jpg
1680,2,0,1,0,1,2,data/BRACOL/images/1680.jpg
1681,2,0,1,0,1,2,data/BRACOL/images/1681.jpg
1682,2,0,1,0,0,1,data/BRACOL/images/1682.jpg
1683,0,0,0,0,0,0,data/BRACOL/images/1683.jpg
1684,2,0,1,0,0,1,data/BRACOL/images/1684.jpg
1685,0,0,0,0,0,0,data/BRACOL/images/1685.jpg
1686,4,0,1,0,1,2,data/BRACOL/images/1686.jpg
1687,2,0,1,0,1,1,data/BRACOL/images/1687.jpg
1688,2,0,1,0,0,2,data/BRACOL/images/1688.jpg
1689,4,0,1,0,1,1,data/BRACOL/images/1689.jpg
1690,5,0,1,0,1,1,data/BRACOL/images/1690.jpg
1691,5,0,1,0,1,1,data/BRACOL/images/1691.jpg
1692,2,0,1,0,1,1,data/BRACOL/images/1692.jpg
1693,2,0,1,0,1,1,data/BRACOL/images/1693.jpg
1694,2,0,1,0,1,1,data/BRACOL/images/1694.jpg
1695,2,0,1,0,0,2,data/BRACOL/images/1695.jpg
1696,5,1,1,0,0,1,data/BRACOL/images/1696.jpg
1697,4,0,1,0,1,2,data/BRACOL/images/1697.jpg
1698,2,0,1,0,1,2,data/BRACOL/images/1698.jpg
1699,2,0,1,0,0,1,data/BRACOL/images/1699.jpg
1700,4,0,0,0,1,1,data/BRACOL/images/1700.jpg
1701,2,0,1,0,0,2,data/BRACOL/images/1701.jpg
1702,2,0,1,0,1,1,data/BRACOL/images/1702.jpg
1703,5,0,1,0,1,1,data/BRACOL/images/1703.jpg
1704,2,1,1,0,1,4,data/BRACOL/images/1704.jpg
1705,2,0,1,0,0,3,data/BRACOL/images/1705.jpg
1706,4,0,0,0,1,1,data/BRACOL/images/1706.jpg
1707,2,0,1,0,1,3,data/BRACOL/images/1707.jpg
1708,4,0,0,0,1,1,data/BRACOL/images/1708.jpg
1709,2,0,1,0,1,1,data/BRACOL/images/1709.jpg
1710,2,0,1,0,1,2,data/BRACOL/images/1710.jpg
1711,4,0,1,0,1,1,data/BRACOL/images/1711.jpg
1712,2,0,1,0,0,1,data/BRACOL/images/1712.jpg
1713,5,0,1,0,1,2,data/BRACOL/images/1713.jpg
1714,1,1,0,0,0,1,data/BRACOL/images/1714.jpg
1715,5,0,1,0,1,1,data/BRACOL/images/1715.jpg
1716,2,0,1,0,1,2,data/BRACOL/images/1716.jpg
1717,2,1,1,0,0,1,data/BRACOL/images/1717.jpg
1718,4,0,0,0,1,1,data/BRACOL/images/1718.jpg
1719,4,0,0,0,1,1,data/BRACOL/images/1719.jpg
1720,4,0,1,0,1,2,data/BRACOL/images/1720.jpg
1721,2,0,1,0,0,1,data/BRACOL/images/1721.jpg
1722,5,0,1,0,1,1,data/BRACOL/images/1722.jpg
1723,5,1,0,0,1,1,data/BRACOL/images/1723.jpg
1724,4,0,1,0,1,1,data/BRACOL/images/1724.jpg
1725,4,0,0,0,1,1,data/BRACOL/images/1725.jpg
1726,2,0,1,0,1,1,data/BRACOL/images/1726.jpg
1727,4,0,1,0,1,2,data/BRACOL/images/1727.jpg
1728,4,0,1,0,1,1,data/BRACOL/images/1728.jpg
1729,2,0,1,0,0,1,data/BRACOL/images/1729.jpg
1730,4,0,1,0,1,1,data/BRACOL/images/1730.jpg
1731,5,0,1,0,1,2,data/BRACOL/images/1731.jpg
1732,4,0,1,0,1,1,data/BRACOL/images/1732.jpg
1733,4,0,0,0,1,1,data/BRACOL/images/1733.jpg
1734,2,0,1,0,0,1,data/BRACOL/images/1734.jpg
1735,4,0,1,0,1,1,data/BRACOL/images/1735.jpg
1736,3,0,0,1,0,1,data/BRACOL/images/1736.jpg
1737,2,0,1,0,1,2,data/BRACOL/images/1737.jpg
1738,2,0,1,0,1,2,data/BRACOL/images/1738.jpg
1739,5,0,1,0,1,1,data/BRACOL/images/1739.jpg
1740,2,0,1,0,0,1,data/BRACOL/images/1740.jpg
1741,4,0,1,0,1,2,data/BRACOL/images/1741.jpg
1742,0,0,0,0,0,0,data/BRACOL/images/1742.jpg
1743,2,0,1,0,0,2,data/BRACOL/images/1743.jpg
1744,2,0,1,0,1,2,data/BRACOL/images/1744.jpg
1745,4,0,1,0,1,1,data/BRACOL/images/1745.jpg
1746,4,0,0,0,1,1,data/BRACOL/images/1746.jpg
1747,2,0,1,0,1,1,data/BRACOL/images/1747.jpg
